,Plot_Number,Rice_Cultivar,Experiment_Name,Nitrogen_Rate,Replicate,Yield,Heading_100,Date,UMAP_1,UMAP_2,UMAP_3,UMAP_4,UMAP_5,UMAP_6,UMAP_7,UMAP_8,UMAP_9,UMAP_10,UMAP_11,UMAP_12,UMAP_13,Emergence_DOY,Heading_100_DOY,Days_to_100%_Heading
0,31770,RT7521FP,Hybrid_RT7521FP,130,2,13.87516154,86,06-09-2022,-4.0040984,1.1105614,1.4739882,-2.018401,-2.478454,3.9050736,-2.9899783,-3.0564394,2.3521323,3.153251,1.8707819,-3.364832,2.8883872,140,226,-66
1,31771,RT7521FP,Hybrid_RT7521FP,130,2,13.35494335,85,06-09-2022,-3.933038,1.0679526,1.4490148,-1.9728808,-2.4200776,3.8428001,-2.9505966,-2.9904578,2.3031223,3.1060207,1.8384807,-3.296496,2.83548,140,225,-65
2,31772,RT7521FP,Hybrid_RT7521FP,130,2,13.70175548,86,06-09-2022,-3.7833242,1.108102,1.2292954,-2.0267725,-2.4329407,3.821215,-2.9056787,-3.023091,2.3047297,2.803522,1.7330678,-3.1460643,2.7869508,140,226,-66
3,31773,RT7521FP,Hybrid_RT7521FP,130,2,14.22216485,86,06-09-2022,-3.5673623,0.9590489,1.1465893,-1.8676981,-2.242441,3.6165302,-2.7183,-2.7915483,2.1542084,2.7123737,1.6501844,-2.9582741,2.6220174,140,226,-66
4,31774,RT7521FP,Hybrid_RT7521FP,130,2,14.22216485,86,06-09-2022,-3.7359278,0.9414309,1.2991321,-1.839758,-2.2599113,3.706972,-2.7865496,-2.7819343,2.1889155,2.9821346,1.7293684,-3.1107273,2.6868253,140,226,-66
5,31775,RT7521FP,Hybrid_RT7521FP,130,2,13.87516154,86,06-09-2022,-3.969359,1.0955254,1.421423,-2.0060406,-2.4585252,3.907879,-2.9830692,-3.0338562,2.3403347,3.1048353,1.8365482,-3.3285334,2.864034,140,226,-66
6,31776,RT7521FP,Hybrid_RT7521FP,130,2,13.52834941,86,06-09-2022,-3.5745332,0.85768235,1.3134181,-1.7542957,-2.1457343,3.5084321,-2.673348,-2.6696768,2.0850673,2.891331,1.7063118,-2.9780967,2.587365,140,226,-66
7,31777,RT7521FP,Hybrid_RT7521FP,130,2,14.22216485,86,06-09-2022,-3.6881065,1.077802,1.2267102,-1.9903215,-2.3745234,3.7128787,-2.8460312,-2.9684923,2.247181,2.745353,1.7231848,-3.0771081,2.730643,140,226,-66
8,31778,RT7521FP,Hybrid_RT7521FP,130,2,13.70175548,87,06-09-2022,-3.4410088,1.0015638,1.0847415,-1.9236971,-2.258054,3.5161889,-2.6825275,-2.843543,2.1412973,2.4910386,1.621485,-2.8529575,2.593258,140,227,-67
9,31779,RT7521FP,Hybrid_RT7521FP,130,2,13.52834941,86,06-09-2022,-3.1134584,0.67336076,1.1659634,-1.5811899,-1.881362,3.0399504,-2.3226943,-2.392811,1.847825,2.5106852,1.5721915,-2.57521,2.3242927,140,226,-66
10,31780,RT7521FP,Hybrid_RT7521FP,130,3,14.22216485,86,06-09-2022,-3.4907851,0.879657,1.1762197,-1.7878072,-2.1510186,3.50911,-2.6436834,-2.6855903,2.0830257,2.715653,1.640057,-2.8929687,2.5585506,140,226,-66
11,31781,RT7521FP,Hybrid_RT7521FP,130,3,13.52834941,86,06-09-2022,-3.559611,1.0187337,1.1052396,-1.9346479,-2.2958674,3.6435862,-2.7491558,-2.870559,2.1866186,2.6129858,1.6413757,-2.9450934,2.6420105,140,226,-66
12,31782,RT7521FP,Hybrid_RT7521FP,130,3,12.48772186,84,06-09-2022,-4.200331,1.2135744,1.493621,-2.1222272,-2.6147897,4.132678,-3.1628783,-3.2096028,2.4756005,3.265888,1.9117411,-3.528078,3.0092027,140,224,-64
13,31783,RT7521FP,Hybrid_RT7521FP,130,3,13.87516154,85,06-09-2022,-4.043338,1.1803949,1.4266576,-2.0972495,-2.5514915,4.001177,-3.0640783,-3.1538327,2.4094436,3.0931332,1.8640133,-3.3939323,2.936518,140,225,-65
14,31784,RT7521FP,Hybrid_RT7521FP,130,3,13.70175548,86,06-09-2022,-4.1968136,1.2110866,1.510181,-2.1151762,-2.6118598,4.114239,-3.156361,-3.2061808,2.4767118,3.2729127,1.9147546,-3.5272698,3.0086908,140,226,-66
15,31785,RT7521FP,Hybrid_RT7521FP,130,3,14.56897697,86,06-09-2022,-4.130665,1.1999027,1.4501158,-2.1087286,-2.587118,4.0811276,-3.1174734,-3.1806326,2.4520006,3.177567,1.8779827,-3.4623716,2.9754913,140,226,-66
16,31786,RT7521FP,Hybrid_RT7521FP,130,3,14.56897697,86,06-09-2022,-4.188606,1.2063993,1.4963838,-2.1116242,-2.6050322,4.1208572,-3.1586902,-3.1942005,2.4742036,3.2667396,1.8973799,-3.5216396,3.0002298,140,226,-66
17,31787,RT7521FP,Hybrid_RT7521FP,130,3,13.18153729,85,06-09-2022,-4.182011,1.191775,1.519027,-2.0935507,-2.5910473,4.1007905,-3.1443453,-3.180288,2.4566107,3.2696216,1.9072102,-3.5090687,2.9897544,140,225,-65
18,31788,RT7521FP,Hybrid_RT7521FP,130,3,13.35494335,86,06-09-2022,-4.191888,1.2025604,1.5161515,-2.1066844,-2.604209,4.1066337,-3.1511388,-3.1935906,2.465419,3.2818675,1.9175955,-3.5248597,3.001236,140,226,-66
19,31789,RT7521FP,Hybrid_RT7521FP,130,3,12.48772186,86,06-09-2022,-4.172261,1.188524,1.5485191,-2.1009653,-2.5874853,4.067819,-3.1422396,-3.1895344,2.4479208,3.282768,1.9347985,-3.5147133,2.9981658,140,226,-66
20,31790,NIL 43,Inbred_Jeff + NIL,130,1,10.05946344,88,06-09-2022,-3.258445,0.7901116,1.0468786,-1.7046868,-2.0264692,3.3146403,-2.4596598,-2.5505016,1.9557484,2.4693627,1.5504888,-2.6573277,2.4090657,140,228,-68
21,31793,NIL 43,Inbred_Jeff + NIL,130,1,9.886057375,88,06-09-2022,-3.656613,0.99833757,1.1691846,-1.9098055,-2.303575,3.7141817,-2.77727,-2.8579535,2.2006493,2.755472,1.676354,-3.022039,2.6687896,140,228,-68
22,31795,NIL 43,Inbred_Jeff + NIL,130,1,8.845429819,88,06-09-2022,-3.617224,1.0110617,1.1166588,-1.9266243,-2.3082783,3.696838,-2.7613459,-2.8645384,2.2026567,2.6890147,1.6570615,-2.9869475,2.6588976,140,228,-68
23,31797,NIL 43,Inbred_Jeff + NIL,130,1,9.539245252,88,06-09-2022,-3.5631933,0.9989981,1.0890572,-1.9050266,-2.280247,3.6489286,-2.7244253,-2.8359652,2.1751895,2.630687,1.631761,-2.935524,2.623784,140,228,-68
24,31799,NIL 43,Inbred_Jeff + NIL,130,1,8.672023758,88,06-09-2022,-3.1811295,0.79571545,1.0633727,-1.7224225,-2.0155246,3.222122,-2.4545312,-2.5696042,1.939859,2.4072669,1.5648247,-2.6233041,2.4036462,140,228,-68
25,31800,Jefferson,Inbred_Jeff + NIL,130,2,5.896953213,78,06-09-2022,-3.4957223,0.96199584,1.0891207,-1.8745097,-2.230357,3.5787723,-2.6906993,-2.7908516,2.1280694,2.60348,1.6243298,-2.8894763,2.586191,140,218,-58
26,31801,Jefferson,Inbred_Jeff + NIL,130,2,6.590768646,78,06-09-2022,-3.7681272,1.0292859,1.2422547,-1.9280306,-2.345248,3.7929218,-2.8426547,-2.8989792,2.2418582,2.899556,1.7269734,-3.1325488,2.7297678,140,218,-58
27,31803,Jefferson,Inbred_Jeff + NIL,130,2,5.898865077,78,06-09-2022,-3.3152866,0.9094197,1.0300243,-1.8397509,-2.153968,3.401265,-2.5702386,-2.7227597,2.0489192,2.4117212,1.5723,-2.7257187,2.496025,140,218,-58
28,31804,Jefferson,Inbred_Jeff + NIL,130,2,6.417171398,78,06-09-2022,-3.3978944,0.9448234,1.035882,-1.867075,-2.198613,3.4996605,-2.6355286,-2.7692332,2.0933497,2.4751353,1.5880276,-2.7950778,2.5394826,140,218,-58
29,31806,Jefferson,Inbred_Jeff + NIL,130,2,6.590768646,78,06-09-2022,-3.351347,0.8773846,1.0685989,-1.7964576,-2.1281123,3.4163296,-2.5704746,-2.6789672,2.0394022,2.5119002,1.5888804,-2.758141,2.4958715,140,218,-58
30,31810,NIL 43,Inbred_Jeff + NIL,130,3,9.886057375,90,06-09-2022,-3.5103517,1.0175732,1.0711627,-1.9364517,-2.2839963,3.6100492,-2.7230294,-2.8653975,2.168977,2.5499005,1.6272904,-2.9034832,2.619583,140,230,-70
31,31811,Jefferson,Inbred_Jeff + NIL,130,3,5.900776941,79,06-09-2022,-3.29118,0.90185183,1.0247277,-1.8266809,-2.1367998,3.3721595,-2.5516956,-2.703601,2.033047,2.396268,1.5698026,-2.7048423,2.4813483,140,219,-59
32,31812,NIL 43,Inbred_Jeff + NIL,130,3,9.192241943,89,06-09-2022,-3.8186421,1.0860345,1.2124088,-1.9953011,-2.4155147,3.8770354,-2.9055283,-2.9828672,2.3043969,2.8742678,1.7272193,-3.1700788,2.7795262,140,229,-69
33,31813,Jefferson,Inbred_Jeff + NIL,130,3,6.590768646,79,06-09-2022,-3.8808703,1.1043164,1.2759598,-2.0128326,-2.4438856,3.9076383,-2.9356132,-3.0158896,2.3215492,2.9424503,1.7688891,-3.2271872,2.814046,140,219,-59
34,31814,Jefferson,Inbred_Jeff + NIL,130,3,6.419083262,78,06-09-2022,-4.0877843,1.1883388,1.4090838,-2.090163,-2.5642817,4.053729,-3.0804589,-3.1515682,2.4290233,3.1399143,1.8582783,-3.4224846,2.9419098,140,218,-58
35,31815,Jefferson,Inbred_Jeff + NIL,130,3,5.549949903,78,06-09-2022,-3.9971626,1.1420685,1.3765774,-2.0488086,-2.5032566,3.972724,-3.0200484,-3.08463,2.3781295,3.078985,1.833764,-3.347158,2.8920116,140,218,-58
36,31816,NIL 43,Inbred_Jeff + NIL,130,3,9.539245252,89,06-09-2022,-4.105243,1.173312,1.4759167,-2.0799246,-2.5572376,4.0381017,-3.0995412,-3.1501272,2.4254823,3.193251,1.8853503,-3.447109,2.9541624,140,229,-69
37,31817,Jefferson,Inbred_Jeff + NIL,130,3,6.937580769,79,06-09-2022,-4.1879754,1.2049612,1.4936582,-2.1125913,-2.6059816,4.116849,-3.133468,-3.193767,2.4701345,3.2548862,1.9038723,-3.5116153,2.998836,140,219,-59
38,31818,NIL 43,Inbred_Jeff + NIL,130,3,10.18124917,89,06-09-2022,-4.185593,1.2190025,1.4850847,-2.1245382,-2.617206,4.121918,-3.1551542,-3.208485,2.47787,3.248879,1.9065784,-3.5199113,3.007363,140,229,-69
39,31819,NIL 43,Inbred_Jeff + NIL,130,3,9.018835881,89,06-09-2022,-4.1561484,1.2052531,1.4662025,-2.1153107,-2.5992947,4.099576,-3.1235034,-3.1917832,2.4605398,3.206157,1.8901972,-3.4826844,2.985871,140,229,-69
40,31823,EMBRAPA 1200,Mini_Core,130,1,5.203088607,90,06-09-2022,-3.7743006,0.96263736,1.2783046,-1.8626779,-2.2907195,3.7663274,-2.811407,-2.8182178,2.2114608,2.9739099,1.7299755,-3.1264753,2.7060611,139,229,-69
41,31825,M-202,Mini_Core,130,1,7.284553476,82,06-09-2022,-3.8596706,1.0163051,1.3221925,-1.9080701,-2.353397,3.8350508,-2.8701258,-2.8843994,2.263781,3.0293717,1.7575548,-3.2032404,2.7570128,139,221,-61
42,31829,RT7521FP,Mini_Core,130,1,18.47163849,86,06-09-2022,-3.1728427,0.6017881,1.1906226,-1.491291,-1.8196151,3.084229,-2.2977326,-2.277945,1.8287631,2.67193,1.5653175,-2.614321,2.3047907,139,225,-65
43,31831,Jefferson,Mini_Core,130,1,6.503932455,79,06-09-2022,-3.7329602,0.9208256,1.3143561,-1.8172601,-2.2406576,3.6918519,-2.7679317,-2.7571301,2.1770124,2.997258,1.7263185,-3.1019943,2.6732354,139,218,-58
44,31832,EMBRAPA 1200,Mini_Core,130,2,7.024155281,91,06-09-2022,-4.1009917,1.1927543,1.4307246,-2.1058855,-2.576675,4.064677,-3.105778,-3.1722236,2.4401357,3.1417751,1.8662513,-3.4317126,2.9569738,139,230,-70
45,31833,RT7521FP,Mini_Core,130,2,18.47163849,86,06-09-2022,-2.8745465,0.44835436,1.2822715,-1.3405833,-1.6133789,2.6578305,-2.081703,-2.0705009,1.6515257,2.559428,1.5468578,-2.4030786,2.1459413,139,225,-65
46,31835,Jefferson,Mini_Core,130,2,6.764043868,80,06-09-2022,-3.0127308,0.69303197,1.0188534,-1.6335438,-1.8968,3.0443735,-2.2977207,-2.4337206,1.820936,2.2575567,1.509909,-2.4416811,2.275531,139,219,-59
47,31843,WAB462-10-3-1,Mini_Core,130,2,3.382021934,82,06-09-2022,-2.5828025,0.48321176,1.1836059,-1.4129703,-1.611462,2.4097655,-1.9830395,-2.1473427,1.5607809,2.090214,1.5035745,-2.1330485,2.0523586,139,221,-61
48,31844,WAB462-10-3-1,Mini_Core,130,3,3.121910521,82,06-09-2022,-2.6010702,0.47136047,1.202539,-1.4058604,-1.5998745,2.420041,-1.9974941,-2.141002,1.5566518,2.1248085,1.506333,-2.152343,2.0543249,139,221,-61
49,31847,EMBRAPA 1200,Mini_Core,130,3,5.46320002,91,06-09-2022,-3.4036727,0.92326444,1.1015341,-1.8502761,-2.1857338,3.4639077,-2.6365714,-2.755009,2.0787437,2.5165129,1.6137964,-2.8041196,2.5380962,139,230,-70
50,31854,M-202,Mini_Core,130,3,8.064887715,81,06-09-2022,-3.5782948,0.8274034,1.2836808,-1.7110816,-2.1166525,3.514561,-2.6258929,-2.6084542,2.0666144,2.892255,1.6682359,-2.9482636,2.5517,139,220,-60
51,31856,Jefferson,Mini_Core,130,4,9.10562015,80,06-09-2022,-4.097529,1.179799,1.4017094,-2.0785055,-2.5613482,4.064384,-3.072389,-3.1343856,2.4315605,3.155414,1.8529656,-3.4241147,2.9399636,139,219,-59
52,31860,RT7521FP,Mini_Core,130,4,18.21066673,84,06-09-2022,-2.9642894,0.42380267,1.3476849,-1.2949144,-1.6023247,2.7064872,-2.091532,-2.0355027,1.6555424,2.7011008,1.5669991,-2.4675586,2.1583092,139,223,-63
53,31861,WAB462-10-3-1,Mini_Core,130,4,4.162356173,81,06-09-2022,-3.0823421,0.54855263,1.2128516,-1.4375356,-1.7572986,2.9500039,-2.2202885,-2.2118304,1.7698811,2.6285818,1.5521413,-2.5388527,2.2477493,139,220,-60
54,31864,M-202,Mini_Core,130,4,7.544664889,81,06-09-2022,-4.0989842,1.195947,1.4513226,-2.1059923,-2.5796604,4.045056,-3.104287,-3.177202,2.444356,3.146802,1.8691871,-3.4421225,2.964234,139,220,-60
55,31868,Santee Gold,Santee_Gold,75,1,9.096648744,93,06-09-2022,-2.924691,0.46162012,1.3257188,-1.3578717,-1.6339507,2.6851776,-2.101401,-2.0991812,1.6551343,2.5986204,1.5802996,-2.437344,2.1686137,140,233,-73
56,31870,RoyJ,Santee_Gold,75,1,13.73674259,94,06-09-2022,-2.6586175,0.5009476,1.1239046,-1.4471796,-1.6477159,2.536061,-2.024854,-2.1802175,1.5972483,2.1186624,1.4983624,-2.177392,2.0820725,140,234,-74
57,31871,Charleston Gold,Santee_Gold,75,1,6.171496878,88,06-09-2022,-2.6183026,0.48418117,1.1801562,-1.4316387,-1.6158559,2.456119,-2.01064,-2.1615617,1.5678419,2.1209722,1.5155822,-2.1634195,2.0702908,140,228,-68
58,31873,Charleston Gold,Santee_Gold,75,2,5.397191973,88,06-09-2022,-2.9913237,0.64724535,1.0888186,-1.5712243,-1.8385828,2.9616594,-2.2696025,-2.3579307,1.799747,2.3716784,1.5274894,-2.4690022,2.2656472,140,228,-68
59,31874,Carolina Gold,Santee_Gold,75,2,3.851449957,91,06-09-2022,-2.8529956,0.42629874,1.3414375,-1.3220404,-1.5781462,2.5832374,-2.0439434,-2.0426555,1.6111016,2.5696688,1.5751358,-2.3877132,2.1300778,140,231,-71
60,31875,RoyJ,Santee_Gold,75,2,12.84485805,94,06-09-2022,-2.933458,0.6703086,1.081104,-1.5998113,-1.8442144,2.903986,-2.2560587,-2.3899393,1.78228,2.2722657,1.5280772,-2.4222472,2.2537544,140,234,-74
61,31878,Carolina Gold,Santee_Gold,75,3,3.676514404,91,06-09-2022,-2.951585,0.37955117,1.4928129,-1.244404,-1.5461957,2.5619695,-2.0169623,-1.9664749,1.6039977,2.7796338,1.6206646,-2.469851,2.136173,140,231,-71
62,31879,Santee Gold,Santee_Gold,75,3,10.2609739,94,06-09-2022,-3.1052117,0.4677779,1.4252923,-1.3277777,-1.6663961,2.8002293,-2.1615953,-2.0892806,1.7221532,2.8659961,1.627238,-2.6016202,2.2363532,140,234,-74
63,31881,RoyJ,Santee_Gold,150,1,14.05220014,98,06-09-2022,-2.9210496,0.67161345,1.0778784,-1.6026533,-1.8450164,2.8913598,-2.2560666,-2.389546,1.791775,2.268887,1.5255054,-2.4199636,2.2575288,140,238,-78
64,31882,Santee Gold,Santee_Gold,150,1,9.297394461,96,06-09-2022,-2.7046294,0.44136333,1.2596622,-1.3377036,-1.5652113,2.4754796,-1.9805146,-2.044946,1.5744935,2.3528652,1.5255312,-2.2572052,2.0700967,140,236,-76
65,31884,Charleston Gold,Santee_Gold,150,2,6.544310351,91,06-09-2022,-2.7262042,0.5563147,1.0972567,-1.5028882,-1.7002923,2.64898,-2.0995526,-2.2485366,1.6468017,2.138621,1.5008603,-2.2429173,2.1314757,140,231,-71
66,31885,Carolina Gold,Santee_Gold,150,2,3.447090728,92,06-09-2022,-2.8762329,0.42351294,1.334281,-1.3167083,-1.5879184,2.6017141,-2.0299551,-2.0411532,1.6155262,2.5832257,1.5761168,-2.3919773,2.1313624,140,232,-72
67,31886,RoyJ,Santee_Gold,150,2,14.41641023,98,06-09-2022,-2.6372526,0.52972674,1.1198733,-1.4721845,-1.6602206,2.5204017,-2.0389316,-2.2082598,1.597354,2.07599,1.5008756,-2.1733851,2.0877392,140,238,-78
68,31887,Santee Gold,Santee_Gold,150,2,9.360485971,96,06-09-2022,-2.8085797,0.4358099,1.2871153,-1.3415016,-1.5904305,2.5777214,-2.037921,-2.06551,1.6064808,2.4637966,1.550574,-2.3306947,2.1126516,140,236,-76
69,31888,Charleston Gold,Santee_Gold,150,3,6.81388317,91,06-09-2022,-2.8602414,0.56160843,1.1319404,-1.4900067,-1.7368104,2.773782,-2.1616957,-2.2511692,1.7077832,2.3173542,1.5147748,-2.359315,2.1842418,140,231,-71
70,31890,Carolina Gold,Santee_Gold,150,3,2.733009538,93,06-09-2022,-2.9568043,0.3888408,1.5005829,-1.2479702,-1.5591775,2.5624242,-2.0354578,-1.9729376,1.619602,2.791461,1.6162137,-2.4835246,2.1446452,140,233,-73
71,31893,Charleston Gold,Santee_Gold,200,1,4.906798866,91,06-09-2022,-2.9849064,0.6739795,1.0625722,-1.6052573,-1.862228,2.9806437,-2.291536,-2.4000514,1.8126682,2.3121088,1.518159,-2.4557083,2.2741878,140,231,-71
72,31894,Carolina Gold,Santee_Gold,200,1,4.109551592,92,06-09-2022,-2.7816598,0.4381811,1.2747358,-1.347577,-1.5857469,2.547138,-2.008447,-2.0633197,1.5906752,2.4323497,1.555113,-2.310854,2.103529,140,232,-72
73,31895,RoyJ,Santee_Gold,200,1,12.78463433,99,06-09-2022,-2.6037853,0.50203305,1.1813273,-1.455829,-1.6307241,2.4412491,-2.0206175,-2.193021,1.570678,2.079887,1.5185888,-2.1542244,2.0752876,140,239,-79
74,31896,Santee Gold,Santee_Gold,200,2,8.850018293,96,06-09-2022,-2.6686778,0.45721564,1.2347212,-1.3835534,-1.5897952,2.4618137,-2.0033817,-2.1060562,1.57345,2.2576993,1.5291182,-2.2232773,2.0770938,140,236,-76
75,31899,Charleston Gold,Santee_Gold,200,2,4.780615844,92,06-09-2022,-2.6708,0.5099663,1.1650853,-1.4573829,-1.6505759,2.5338411,-2.0514746,-2.1999047,1.599228,2.1450577,1.5204308,-2.2048092,2.1001596,140,232,-72
76,31900,Carolina Gold,Santee_Gold,200,3,11.66332612,94,06-09-2022,-2.8647692,0.45098412,1.2991627,-1.3486155,-1.6103432,2.633254,-2.0682085,-2.0770764,1.6306113,2.5331657,1.561308,-2.3878636,2.1399732,140,234,-74
77,31901,RoyJ,Santee_Gold,200,3,5.663896996,100,06-09-2022,-3.135431,0.6828965,1.065969,-1.5989206,-1.9056585,3.1531632,-2.350374,-2.4068677,1.8674734,2.4552767,1.5234686,-2.557981,2.3200495,140,240,-80
78,31903,Santee Gold,Santee_Gold,200,3,8.987672498,98,06-09-2022,-2.9350138,0.40020096,1.3924892,-1.2684406,-1.569082,2.6274278,-2.0427244,-1.9952437,1.621479,2.7112663,1.5840173,-2.4492962,2.1375296,140,238,-78
79,31905,IAC600,Tiara,75,1,2.414705731,73,06-09-2022,-3.605974,0.8744693,1.2275575,-1.7651067,-2.1607666,3.594662,-2.6682854,-2.6694689,2.1111162,2.8800778,1.671845,-2.9854975,2.5942461,140,213,-53
80,31906,Scarlett,Tiara,75,1,10.02303626,87,06-09-2022,-2.6867402,0.49686432,1.1648374,-1.4327347,-1.6325322,2.5437052,-2.0415297,-2.1629083,1.6050594,2.2005608,1.5105964,-2.2235215,2.0951433,140,227,-67
81,31908,Tiara,Tiara,75,2,5.698361386,80,06-09-2022,-3.3523512,0.70995474,1.181627,-1.6014557,-1.9568319,3.3094797,-2.4454176,-2.42771,1.9438543,2.7595694,1.6001829,-2.7658193,2.4199684,140,220,-60
82,31909,Sierra,Tiara,75,2,6.650478135,91,06-09-2022,-3.659919,1.0137243,1.1762468,-1.9272943,-2.3160062,3.7122018,-2.793105,-2.87984,2.2119894,2.754682,1.684685,-3.0322633,2.6848574,140,231,-71
83,31910,IAC600,Tiara,75,2,3.725300171,73,06-09-2022,-3.7468941,1.0518819,1.2468894,-1.9490573,-2.3581057,3.7536063,-2.8365731,-2.922211,2.2503347,2.8537295,1.7285272,-3.12052,2.7356014,140,213,-53
84,31911,Scarlett,Tiara,75,2,9.807949643,87,06-09-2022,-3.6109164,0.8992153,1.2311703,-1.7935141,-2.1891406,3.6025012,-2.6894119,-2.7092319,2.1282132,2.858093,1.6776576,-2.9932303,2.6106632,140,227,-67
85,31913,Tiara,Tiara,75,3,5.787263854,79,06-09-2022,-3.3173497,0.6473526,1.3209277,-1.5312469,-1.8888232,3.1626875,-2.38873,-2.3570125,1.8935618,2.8466327,1.6438175,-2.761825,2.3970788,140,219,-59
86,31915,Sierra,Tiara,75,3,6.796737033,90,06-09-2022,-3.9717257,1.1166697,1.3697938,-2.0114133,-2.4734743,3.9396822,-2.9936743,-3.0384834,2.358925,3.0744665,1.8091317,-3.319409,2.8611767,140,230,-70
87,31916,Scarlett,Tiara,150,1,10.5076981,90,06-09-2022,-3.26718,0.783711,1.0753313,-1.6954722,-2.019353,3.3037665,-2.4648917,-2.5379755,1.9604727,2.5238435,1.5654159,-2.6853886,2.4192631,140,230,-70
88,31917,IAC600,Tiara,150,1,2.701487884,74,06-09-2022,-3.733585,0.9540826,1.2886372,-1.850966,-2.2698526,3.7119582,-2.7892911,-2.8004377,2.1936774,2.9478912,1.7224247,-3.099529,2.6877203,140,214,-54
89,31918,Tiara,Tiara,150,1,6.403845483,80,06-09-2022,-2.738953,0.435776,1.2568791,-1.3383293,-1.5674956,2.5219069,-1.9931127,-2.0477293,1.5768955,2.383406,1.5295378,-2.2750158,2.0803695,140,220,-60
90,31919,Sierra,Tiara,150,1,6.727909317,91,06-09-2022,-2.9914906,0.6769029,1.08095,-1.6032387,-1.8663791,2.966303,-2.2774835,-2.4000049,1.8044964,2.3129065,1.5282712,-2.4563363,2.2723968,140,231,-71
91,31920,IAC600,Tiara,150,2,3.504477913,74,06-09-2022,-3.704623,0.9238686,1.271688,-1.8193252,-2.233412,3.6813452,-2.7421923,-2.748813,2.1647747,2.9436204,1.7080628,-3.0693588,2.6559637,140,214,-54
92,31922,Tiara,Tiara,150,2,6.025293041,81,06-09-2022,-3.2474048,0.6029293,1.3185375,-1.4817876,-1.8269768,3.0644805,-2.3145087,-2.282055,1.8399382,2.8176234,1.6302389,-2.7003334,2.3436966,140,221,-61
93,31926,Scarlett,Tiara,150,3,10.41305999,90,06-09-2022,-3.2136877,0.6267426,1.1940056,-1.5216206,-1.8617598,3.1311004,-2.329428,-2.3236108,1.8642616,2.6812727,1.56733,-2.6450512,2.333431,140,230,-70
94,31927,Sierra,Tiara,150,3,3.283655655,93,06-09-2022,-4.0993333,1.224935,1.4972725,-2.1397634,-2.601114,4.0128403,-3.1159945,-3.2192433,2.4471729,3.1422153,1.9118539,-3.4582803,2.9869685,140,233,-73
95,31928,IAC600,Tiara,200,1,2.480665626,74,06-09-2022,-3.6595395,0.98679286,1.1718041,-1.8921095,-2.2843401,3.712845,-2.770534,-2.8340118,2.191169,2.7906244,1.6803936,-3.029416,2.6662095,140,214,-54
96,31929,Sierra,Tiara,200,1,6.573046954,92,06-09-2022,-3.3663476,0.8921778,1.0746115,-1.8107755,-2.1413577,3.4268806,-2.5886397,-2.691381,2.0565045,2.5347164,1.5971087,-2.7850957,2.513037,140,232,-72
97,31930,Scarlett,Tiara,200,1,11.12714755,90,06-09-2022,-2.6247067,0.47684616,1.2083908,-1.407559,-1.6006119,2.442106,-2.0023103,-2.1356356,1.567978,2.1764019,1.5196841,-2.1862478,2.0715199,140,230,-70
98,31931,Tiara,Tiara,200,1,6.033896506,82,06-09-2022,-2.6820247,0.4313955,1.2491462,-1.3538657,-1.562165,2.4614193,-1.9822029,-2.0682924,1.5583713,2.3058515,1.5309756,-2.230101,2.0677764,140,222,-62
99,31932,Scarlett,Tiara,200,2,10.48475552,91,06-09-2022,-2.9876275,0.6572325,1.075445,-1.5849075,-1.8497697,2.9632137,-2.2606223,-2.3693688,1.7982069,2.3398647,1.5261922,-2.4563742,2.264171,140,231,-71
100,31933,Tiara,Tiara,200,2,5.695493565,82,06-09-2022,-2.9667976,0.46612987,1.3113074,-1.3496639,-1.6397321,2.7343028,-2.1124732,-2.091748,1.6697979,2.6442258,1.5752339,-2.4686644,2.1769056,140,222,-62
101,31934,Sierra,Tiara,200,2,6.441127163,92,06-09-2022,-3.6250923,0.9532627,1.2398167,-1.8506697,-2.24164,3.6180508,-2.7413948,-2.7858264,2.1620011,2.8278666,1.6918963,-3.0205593,2.6449192,140,232,-72
102,31937,IAC600,Tiara,200,3,3.667943741,74,06-09-2022,-3.4295397,0.7634708,1.319067,-1.6550459,-2.0252025,3.3114822,-2.525981,-2.5321262,1.9906397,2.8330219,1.6699071,-2.8581362,2.492387,140,214,-54
103,31770,RT7521FP,Hybrid_RT7521FP,130,2,13.87516154,86,06-17-2022,-3.2880616,0.9835226,3.2052813,-2.059757,-2.2511969,1.9326141,-2.8416996,-3.3035173,1.8990927,3.0310273,2.6010573,-3.154721,2.8736722,140,226,-58
104,31771,RT7521FP,Hybrid_RT7521FP,130,2,13.35494335,85,06-17-2022,-3.1656091,0.9365843,3.1197443,-1.9929166,-2.1803145,1.888325,-2.8235273,-3.2208738,1.8604083,2.971849,2.5294306,-3.0781858,2.8127785,140,225,-57
105,31772,RT7521FP,Hybrid_RT7521FP,130,2,13.70175548,86,06-17-2022,-3.5756848,1.1412848,2.8296132,-2.180437,-2.4466503,2.5404413,-3.0182066,-3.44081,2.1108072,3.0359375,2.4657562,-3.31542,2.990146,140,226,-58
106,31773,RT7521FP,Hybrid_RT7521FP,130,2,14.22216485,86,06-17-2022,-3.243962,0.93876845,2.812624,-1.962333,-2.1836758,2.142855,-2.7768943,-3.1315467,1.8948723,2.927322,2.381702,-3.0562685,2.7637992,140,226,-58
107,31774,RT7521FP,Hybrid_RT7521FP,130,2,14.22216485,86,06-17-2022,-3.5122423,1.0713114,3.2535527,-2.1452072,-2.3879693,2.1667426,-3.0155146,-3.441436,2.0393627,3.2237391,2.6581407,-3.3608468,3.0142186,140,226,-58
108,31775,RT7521FP,Hybrid_RT7521FP,130,2,13.87516154,86,06-17-2022,-3.3670301,1.0274869,3.37107,-2.1190388,-2.3278525,1.942527,-2.9564576,-3.4279456,1.942991,3.11256,2.689253,-3.2587383,2.9555693,140,226,-58
109,31776,RT7521FP,Hybrid_RT7521FP,130,2,13.52834941,86,06-17-2022,-3.6051073,1.0493288,2.8374126,-2.0800428,-2.383567,2.5750458,-3.036709,-3.3219705,2.0996513,3.1996636,2.4372065,-3.334688,2.9573786,140,226,-58
110,31777,RT7521FP,Hybrid_RT7521FP,130,2,14.22216485,86,06-17-2022,-3.6567645,1.1966196,3.272943,-2.2664323,-2.526279,2.3355234,-3.1454782,-3.6235082,2.1307306,3.22864,2.6924953,-3.479233,3.1151192,140,226,-58
111,31778,RT7521FP,Hybrid_RT7521FP,130,2,13.70175548,87,06-17-2022,-3.675899,1.2046667,3.0295908,-2.2627807,-2.5346777,2.524901,-3.1456363,-3.5845177,2.1677344,3.1444173,2.5735226,-3.4396584,3.0910108,140,227,-59
112,31779,RT7521FP,Hybrid_RT7521FP,130,2,13.52834941,86,06-17-2022,-3.4776404,1.0322812,3.08845,-2.0828161,-2.3358731,2.2453732,-2.9601672,-3.3453116,2.0132139,3.156878,2.5577946,-3.2923815,2.944405,140,226,-58
113,31780,RT7521FP,Hybrid_RT7521FP,130,3,14.22216485,86,06-17-2022,-3.2512016,0.9169345,2.790101,-1.9344071,-2.1718724,2.1557686,-2.7344027,-3.0985575,1.8992116,2.941645,2.3694396,-3.0468407,2.7584164,140,226,-58
114,31781,RT7521FP,Hybrid_RT7521FP,130,3,13.52834941,86,06-17-2022,-3.587271,1.153743,2.7842577,-2.176631,-2.453032,2.5748754,-3.0172687,-3.431662,2.1289098,3.034338,2.4360416,-3.3185532,2.9863937,140,226,-58
115,31782,RT7521FP,Hybrid_RT7521FP,130,3,12.48772186,84,06-17-2022,-3.6020484,1.0237073,2.7301323,-2.0457215,-2.3511136,2.624744,-2.9957855,-3.2561207,2.091357,3.1961808,2.3829923,-3.3113148,2.92477,140,224,-56
116,31783,RT7521FP,Hybrid_RT7521FP,130,3,13.87516154,85,06-17-2022,-3.5004065,1.0958741,2.7179334,-2.1222978,-2.3820455,2.5137975,-2.944418,-3.3428028,2.0610523,2.9702873,2.3974762,-3.2315836,2.9157064,140,225,-57
117,31784,RT7521FP,Hybrid_RT7521FP,130,3,13.70175548,86,06-17-2022,-3.072126,0.60669726,1.7009275,-1.4861971,-1.8280303,2.6490722,-2.3445988,-2.3745537,1.7693659,2.752592,1.756079,-2.6490374,2.3467035,140,226,-58
118,31785,RT7521FP,Hybrid_RT7521FP,130,3,14.56897697,86,06-17-2022,-3.132705,0.56750137,1.6126262,-1.4441642,-1.7804374,2.73225,-2.2807243,-2.2790256,1.7741998,2.8207564,1.7123026,-2.6660626,2.3210273,140,226,-58
119,31786,RT7521FP,Hybrid_RT7521FP,130,3,14.56897697,86,06-17-2022,-3.2114336,0.60039145,1.6695484,-1.4733025,-1.8335986,2.7936895,-2.342047,-2.3383617,1.813385,2.8945427,1.75553,-2.737088,2.3724253,140,226,-58
120,31787,RT7521FP,Hybrid_RT7521FP,130,3,13.18153729,85,06-17-2022,-3.2236905,0.66825485,1.7295318,-1.5409106,-1.8954467,2.7945952,-2.4231472,-2.4370449,1.8301202,2.874531,1.8139124,-2.7711115,2.4124131,140,225,-57
121,31788,RT7521FP,Hybrid_RT7521FP,130,3,13.35494335,86,06-17-2022,-3.8815808,1.1496265,2.3232305,-2.1315649,-2.5433307,3.2400174,-3.1341653,-3.3613968,2.3040268,3.185582,2.2061265,-3.429959,3.0121317,140,226,-58
122,31789,RT7521FP,Hybrid_RT7521FP,130,3,12.48772186,86,06-17-2022,-3.913355,1.1402842,2.2877853,-2.1322548,-2.5500252,3.2921247,-3.1288009,-3.3510113,2.331114,3.2031898,2.1908844,-3.4379132,3.0259418,140,226,-58
123,31790,NIL 43,Inbred_Jeff + NIL,130,1,10.05946344,88,06-17-2022,-2.4950268,0.6153975,2.2061486,-1.5760357,-1.6875334,1.663731,-2.1478915,-2.475792,1.5317411,2.2972696,1.9609805,-2.3588219,2.2491953,140,228,-60
124,31793,NIL 43,Inbred_Jeff + NIL,130,1,9.886057375,88,06-17-2022,-2.579442,0.61369157,2.2989435,-1.6108309,-1.7412164,1.6911633,-2.2303047,-2.5592613,1.5498447,2.3382661,2.0036836,-2.3988757,2.296483,140,228,-60
125,31795,NIL 43,Inbred_Jeff + NIL,130,1,8.845429819,88,06-17-2022,-2.8616931,0.75959414,2.8858414,-1.821599,-1.9503198,1.6479793,-2.5153484,-2.931755,1.6637338,2.6765263,2.3693678,-2.7473204,2.5682204,140,228,-60
126,31797,NIL 43,Inbred_Jeff + NIL,130,1,9.539245252,88,06-17-2022,-2.7384346,0.7177207,2.6605985,-1.7483237,-1.8813208,1.634652,-2.3991835,-2.7931514,1.6245544,2.5411325,2.2458632,-2.613982,2.468964,140,228,-60
127,31799,NIL 43,Inbred_Jeff + NIL,130,1,8.672023758,88,06-17-2022,-3.0417042,0.89287573,3.2020445,-1.9744705,-2.112742,1.652279,-2.7121503,-3.1861541,1.7742246,2.854356,2.5525577,-2.9734104,2.7492032,140,228,-60
128,31800,Jefferson,Inbred_Jeff + NIL,130,2,5.896953213,78,06-17-2022,-3.2989953,1.0289097,3.497131,-2.1349463,-2.3034766,1.7735817,-2.9442692,-3.4534051,1.9057901,3.089089,2.7484026,-3.2417283,2.954271,140,218,-50
129,31801,Jefferson,Inbred_Jeff + NIL,130,2,6.590768646,78,06-17-2022,-3.1203895,0.9352135,3.3271663,-2.0297437,-2.175404,1.6723442,-2.7938628,-3.2814884,1.8094759,2.9316754,2.6316245,-3.0582726,2.8183768,140,218,-50
130,31803,Jefferson,Inbred_Jeff + NIL,130,2,5.898865077,78,06-17-2022,-3.4298875,1.1130373,3.503145,-2.217439,-2.4107552,1.9267827,-3.0528197,-3.5741458,1.9944092,3.1287932,2.7630608,-3.344789,3.0370724,140,218,-50
131,31804,Jefferson,Inbred_Jeff + NIL,130,2,6.417171398,78,06-17-2022,-3.4978569,1.1319883,3.4798222,-2.2321846,-2.4419866,2.0169182,-3.0870807,-3.5948014,2.0332527,3.1789498,2.764652,-3.3918564,3.0702431,140,218,-50
132,31806,Jefferson,Inbred_Jeff + NIL,130,2,6.590768646,78,06-17-2022,-3.535355,1.142147,3.5403352,-2.2503672,-2.4643912,2.0281668,-3.1246977,-3.62938,2.0488393,3.228364,2.7979355,-3.435053,3.0987427,140,218,-50
133,31810,NIL 43,Inbred_Jeff + NIL,130,3,9.886057375,90,06-17-2022,-3.5179083,1.1532581,3.3690903,-2.2418435,-2.460718,2.119118,-3.096451,-3.5974014,2.0552473,3.1370876,2.7099254,-3.3867004,3.0636609,140,230,-62
134,31811,Jefferson,Inbred_Jeff + NIL,130,3,5.900776941,79,06-17-2022,-3.5209556,1.1451004,3.4287806,-2.236374,-2.4569955,2.0755,-3.090754,-3.5951035,2.047453,3.1747763,2.7419336,-3.4029994,3.0703573,140,219,-51
135,31812,NIL 43,Inbred_Jeff + NIL,130,3,9.192241943,89,06-17-2022,-3.5201147,1.137989,3.4476614,-2.233295,-2.4529963,2.0653892,-3.0933287,-3.5958834,2.0475569,3.183987,2.7453156,-3.4012506,3.0715501,140,229,-61
136,31813,Jefferson,Inbred_Jeff + NIL,130,3,6.590768646,79,06-17-2022,-3.5440779,1.1387053,3.5086682,-2.2460673,-2.4610243,2.054001,-3.109284,-3.6166177,2.0475273,3.2314978,2.7883027,-3.433565,3.0952303,140,219,-51
137,31814,Jefferson,Inbred_Jeff + NIL,130,3,6.419083262,78,06-17-2022,-3.4015357,1.0386436,3.3105376,-2.1263196,-2.3288367,2.005726,-2.9527276,-3.4226394,1.9596652,3.1179636,2.6656985,-3.271045,2.9622068,140,218,-50
138,31815,Jefferson,Inbred_Jeff + NIL,130,3,5.549949903,78,06-17-2022,-3.3429534,0.98472446,3.1400218,-2.0533938,-2.264762,2.047522,-2.871113,-3.3047945,1.9250972,3.0473206,2.5660233,-3.18053,2.883464,140,218,-50
139,31816,NIL 43,Inbred_Jeff + NIL,130,3,9.539245252,89,06-17-2022,-3.138162,0.86386573,2.6594887,-1.886576,-2.100786,2.1101499,-2.6342647,-3.0074673,1.8372062,2.814573,2.304142,-2.9225037,2.6713238,140,229,-61
140,31817,Jefferson,Inbred_Jeff + NIL,130,3,6.937580769,79,06-17-2022,-3.1783955,0.8901212,2.7907894,-1.9257873,-2.1376567,2.0935578,-2.7168925,-3.085424,1.8546035,2.8648348,2.3617675,-2.9799676,2.7204278,140,219,-51
141,31818,NIL 43,Inbred_Jeff + NIL,130,3,10.18124917,89,06-17-2022,-3.591823,1.1105826,3.258441,-2.1809676,-2.440562,2.2608712,-3.0771554,-3.50367,2.086032,3.2608197,2.6595109,-3.423059,3.056637,140,229,-61
142,31819,NIL 43,Inbred_Jeff + NIL,130,3,9.018835881,89,06-17-2022,-3.5747132,1.1212891,3.2691555,-2.2020037,-2.449367,2.2287495,-3.0581377,-3.526357,2.075827,3.2036977,2.670084,-3.3971198,3.052945,140,229,-61
143,31823,EMBRAPA 1200,Mini_Core,130,1,5.203088607,90,06-17-2022,-3.5096393,1.0793991,3.3867977,-2.1658878,-2.394706,2.081081,-3.0349495,-3.4919715,2.0186985,3.2261212,2.7164083,-3.3718505,3.0280764,139,229,-61
144,31825,M-202,Mini_Core,130,1,7.284553476,82,06-17-2022,-3.1232548,0.90485495,3.1482732,-1.9715358,-2.1465914,1.7890508,-2.7538059,-3.1854732,1.8112489,2.9107606,2.532897,-3.0145717,2.7683105,139,221,-53
145,31829,RT7521FP,Mini_Core,130,1,18.47163849,86,06-17-2022,-2.7601795,0.70302397,2.58991,-1.7215941,-1.8734198,1.7234893,-2.3964808,-2.7572234,1.633104,2.5534601,2.1968985,-2.612386,2.4554536,139,225,-57
146,31831,Jefferson,Mini_Core,130,1,6.503932455,79,06-17-2022,-3.105813,0.91253835,3.3207002,-2.0103498,-2.1588268,1.6682498,-2.7949235,-3.262499,1.7932861,2.917468,2.6223238,-3.0324178,2.8026624,139,218,-50
147,31832,EMBRAPA 1200,Mini_Core,130,2,7.024155281,91,06-17-2022,-3.5775476,1.1597762,3.5073545,-2.2651963,-2.485827,2.0934112,-3.1248603,-3.6404219,2.0691116,3.2392952,2.7905166,-3.4569557,3.1114945,139,230,-62
148,31833,RT7521FP,Mini_Core,130,2,18.47163849,86,06-17-2022,-2.5534441,0.60601395,2.1809397,-1.5674976,-1.7352989,1.7576573,-2.1927798,-2.4822247,1.5600699,2.3324938,1.9534745,-2.3748567,2.2662473,139,225,-57
149,31835,Jefferson,Mini_Core,130,2,6.764043868,80,06-17-2022,-3.4762113,1.1378479,3.6164007,-2.255858,-2.4462025,1.9210887,-3.1167789,-3.645895,2.019969,3.1922529,2.8267996,-3.4078622,3.0916955,139,219,-51
150,31843,WAB462-10-3-1,Mini_Core,130,2,3.382021934,82,06-17-2022,-2.9807942,0.8327568,3.016465,-1.884415,-2.044304,1.6966453,-2.6126328,-3.0426922,1.730721,2.7900002,2.4524858,-2.8736777,2.6571987,139,221,-53
151,31844,WAB462-10-3-1,Mini_Core,130,3,3.121910521,82,06-17-2022,-3.0538263,0.8659433,3.0325768,-1.9324012,-2.0924375,1.7755435,-2.67349,-3.1026762,1.7827373,2.8449457,2.4746168,-2.9455156,2.7169147,139,221,-53
152,31847,EMBRAPA 1200,Mini_Core,130,3,5.46320002,91,06-17-2022,-3.815446,1.2290652,3.055551,-2.2984786,-2.6034815,2.6631517,-3.2064743,-3.643796,2.22453,3.2654517,2.6141815,-3.540405,3.1535532,139,230,-62
153,31854,M-202,Mini_Core,130,3,8.064887715,81,06-17-2022,-3.5528178,1.1280793,3.4548433,-2.2132218,-2.448499,2.087734,-3.0741072,-3.563705,2.049128,3.24557,2.7588284,-3.4230146,3.071359,139,220,-52
154,31856,Jefferson,Mini_Core,130,4,9.10562015,80,06-17-2022,-3.5376275,1.1501627,3.5459907,-2.2628186,-2.4720855,2.0334756,-3.1349978,-3.648795,2.0537982,3.225153,2.8021336,-3.4406087,3.1078835,139,219,-51
155,31860,RT7521FP,Mini_Core,130,4,18.21066673,84,06-17-2022,-3.0456703,0.4990738,1.7110972,-1.3597032,-1.7033508,2.5629709,-2.2057438,-2.1779547,1.7098775,2.8438094,1.7226763,-2.611109,2.2697885,139,223,-55
156,31861,WAB462-10-3-1,Mini_Core,130,4,4.162356173,81,06-17-2022,-2.76954,0.58509874,2.1135218,-1.5306088,-1.7448354,2.0141773,-2.2446268,-2.4569154,1.6082296,2.5265887,1.9190812,-2.4876037,2.2944,139,220,-52
157,31864,M-202,Mini_Core,130,4,7.544664889,81,06-17-2022,-3.7589173,1.20922,3.0343995,-2.2585328,-2.5708373,2.6076536,-3.167073,-3.5856328,2.210859,3.2342193,2.5702345,-3.499683,3.1178858,139,220,-52
158,31868,Santee Gold,Santee_Gold,75,1,9.096648744,93,06-17-2022,-2.9967592,0.4714657,1.7311577,-1.328521,-1.6599966,2.4690905,-2.133002,-2.1300483,1.6502753,2.830179,1.7480935,-2.5645845,2.2260828,140,233,-65
159,31870,RoyJ,Santee_Gold,75,1,13.73674259,94,06-17-2022,-2.6499794,0.66894823,2.5623775,-1.6879393,-1.8182138,1.6093106,-2.32936,-2.708768,1.5711493,2.4333336,2.1614616,-2.505078,2.385266,140,234,-66
160,31871,Charleston Gold,Santee_Gold,75,1,6.171496878,88,06-17-2022,-3.0009503,0.864121,3.2175288,-1.9546244,-2.087366,1.5910227,-2.6668117,-3.1620145,1.7351906,2.825542,2.569043,-2.92871,2.7251413,140,228,-60
161,31873,Charleston Gold,Santee_Gold,75,2,5.397191973,88,06-17-2022,-3.173528,0.9782088,3.3955328,-2.0800378,-2.222136,1.6789755,-2.8355582,-3.350775,1.8468497,2.9778867,2.6801975,-3.126128,2.873611,140,228,-60
162,31874,Carolina Gold,Santee_Gold,75,2,3.851449957,91,06-17-2022,-3.6368537,1.0845941,3.071677,-2.1207674,-2.395234,2.4197464,-3.0232189,-3.3766773,2.0816529,3.318054,2.594458,-3.4269655,3.0188828,140,231,-63
163,31875,RoyJ,Santee_Gold,75,2,12.84485805,94,06-17-2022,-3.432922,1.1149799,3.6069114,-2.2315857,-2.410939,1.8681741,-3.0714831,-3.6058583,1.987914,3.1681569,2.822233,-3.3699436,3.060387,140,234,-66
164,31878,Carolina Gold,Santee_Gold,75,3,3.676514404,91,06-17-2022,-2.9170492,0.3960919,1.5051334,-1.2286354,-1.5495994,2.5205638,-2.0116153,-1.9332436,1.6154252,2.7703185,1.5988067,-2.465948,2.1277137,140,231,-63
165,31879,Santee Gold,Santee_Gold,75,3,10.2609739,94,06-17-2022,-2.9400907,0.40446472,1.5280641,-1.2316438,-1.5663981,2.525504,-2.0268877,-1.9525845,1.6117412,2.798396,1.6287513,-2.4806328,2.1340826,140,234,-66
166,31881,RoyJ,Santee_Gold,150,1,14.05220014,98,06-17-2022,-2.6733096,0.6786725,2.5646386,-1.7202824,-1.8304713,1.6420355,-2.3571537,-2.7322576,1.6096838,2.4727097,2.1739864,-2.5524685,2.4282503,140,238,-70
167,31882,Santee Gold,Santee_Gold,150,1,9.297394461,96,06-17-2022,-2.8946543,0.4250298,1.5726569,-1.2582949,-1.5732412,2.449309,-2.0209355,-1.9863847,1.6105123,2.7514513,1.6527878,-2.470233,2.145808,140,236,-68
168,31884,Charleston Gold,Santee_Gold,150,2,6.544310351,91,06-17-2022,-3.346789,1.0731072,3.5597382,-2.1913483,-2.3532696,1.7831824,-2.9902213,-3.5334673,1.9319035,3.0977173,2.7934046,-3.2869062,3.0020227,140,231,-63
169,31885,Carolina Gold,Santee_Gold,150,2,3.447090728,92,06-17-2022,-3.6772115,1.1158054,3.1113799,-2.160666,-2.44632,2.4534018,-3.073727,-3.4514515,2.1089869,3.3082476,2.6149678,-3.4555676,3.0559227,140,232,-64
170,31886,RoyJ,Santee_Gold,150,2,14.41641023,98,06-17-2022,-3.4361763,1.1091168,3.5768783,-2.2188885,-2.4083269,1.8862503,-3.059668,-3.5874186,1.9913274,3.1719034,2.8025749,-3.3662589,3.0525057,140,238,-70
171,31887,Santee Gold,Santee_Gold,150,2,9.360485971,96,06-17-2022,-3.6601756,1.1083851,3.192017,-2.1629019,-2.4419153,2.3760493,-3.078068,-3.4609838,2.100274,3.3251867,2.6445248,-3.4598074,3.0630872,140,236,-68
172,31888,Charleston Gold,Santee_Gold,150,3,6.81388317,91,06-17-2022,-3.137834,0.9339415,3.2815533,-2.037043,-2.176927,1.7235364,-2.7906997,-3.273006,1.8210533,2.9315777,2.6164222,-3.0664036,2.8254838,140,231,-63
173,31890,Carolina Gold,Santee_Gold,150,3,2.733009538,93,06-17-2022,-2.936763,0.40801328,1.5067176,-1.238869,-1.576756,2.5411212,-2.024938,-1.9522294,1.6346897,2.7805288,1.6128601,-2.4764454,2.1442966,140,233,-65
174,31893,Charleston Gold,Santee_Gold,200,1,4.906798866,91,06-17-2022,-2.608813,0.64015365,2.4214818,-1.6621333,-1.7610122,1.6493757,-2.2593246,-2.6223416,1.5496489,2.3948677,2.1059325,-2.4609563,2.3460348,140,231,-63
175,31894,Carolina Gold,Santee_Gold,200,1,4.109551592,92,06-17-2022,-3.1482594,0.79925954,2.7049716,-1.8204609,-2.0266395,2.0773523,-2.6036747,-2.907967,1.7846932,2.9132776,2.3176172,-2.927986,2.6405792,140,232,-64
176,31895,RoyJ,Santee_Gold,200,1,12.78463433,99,06-17-2022,-3.1930664,0.97736263,3.4942799,-2.0906975,-2.236521,1.6455204,-2.865532,-3.3928263,1.8418543,2.9989686,2.7268405,-3.1428277,2.8924477,140,239,-71
177,31896,Santee Gold,Santee_Gold,200,2,8.850018293,96,06-17-2022,-3.6705518,1.1451896,3.2111042,-2.194144,-2.4687736,2.374269,-3.1030734,-3.5057845,2.119712,3.3212764,2.6579533,-3.4855208,3.081846,140,236,-68
178,31899,Charleston Gold,Santee_Gold,200,2,4.780615844,92,06-17-2022,-3.4307792,1.0829647,3.5044968,-2.1882825,-2.3781726,1.9131188,-3.0097358,-3.5272124,1.9719106,3.170385,2.7756832,-3.3414114,3.0229862,140,232,-64
179,31900,Carolina Gold,Santee_Gold,200,3,11.66332612,94,06-17-2022,-3.6136642,1.0776008,3.0320914,-2.1077657,-2.379457,2.41967,-2.9994152,-3.3549128,2.0706549,3.2777042,2.5641487,-3.3979027,2.9958045,140,234,-66
180,31901,RoyJ,Santee_Gold,200,3,5.663896996,100,06-17-2022,-2.9888935,0.8473294,3.09257,-1.925328,-2.0617378,1.6697471,-2.659943,-3.106267,1.7417192,2.796506,2.4845128,-2.903086,2.6887517,140,240,-72
181,31903,Santee Gold,Santee_Gold,200,3,8.987672498,98,06-17-2022,-2.95576,0.4198805,1.5727688,-1.2505795,-1.5712664,2.522457,-2.0749075,-1.9825758,1.6444471,2.8525543,1.6426138,-2.536713,2.171403,140,238,-70
182,31905,IAC600,Tiara,75,1,2.414705731,73,06-17-2022,-2.9711196,0.7878478,2.8313127,-1.8436105,-1.9914954,1.7955021,-2.5488336,-2.9472463,1.7116219,2.757863,2.369354,-2.819599,2.606942,140,213,-45
183,31906,Scarlett,Tiara,75,1,10.02303626,87,06-17-2022,-2.5611043,0.60898024,2.2651205,-1.5885789,-1.7285595,1.71202,-2.1960797,-2.5241802,1.5373069,2.3118486,1.9893231,-2.3738587,2.2754235,140,227,-59
184,31908,Tiara,Tiara,75,2,5.698361386,80,06-17-2022,-3.3876622,1.0408444,3.3751411,-2.1305776,-2.3244689,1.9397907,-2.9500024,-3.4252813,1.9470946,3.14396,2.7032325,-3.2849786,2.9658055,140,220,-52
185,31909,Sierra,Tiara,75,2,6.650478135,91,06-17-2022,-3.7862675,1.2321017,3.1700737,-2.3034437,-2.5901313,2.544011,-3.1831152,-3.6537364,2.1927977,3.2817733,2.6748023,-3.5436983,3.1562288,140,231,-63
186,31910,IAC600,Tiara,75,2,3.725300171,73,06-17-2022,-3.7654536,1.2233742,3.1497693,-2.2917297,-2.5791585,2.5368164,-3.1756475,-3.6381164,2.1912994,3.2568429,2.6492593,-3.5238864,3.1432123,140,213,-45
187,31911,Scarlett,Tiara,75,2,9.807949643,87,06-17-2022,-3.5693233,1.1343662,3.4106119,-2.2202177,-2.4557514,2.1476128,-3.1020029,-3.5728385,2.063021,3.2451887,2.7356663,-3.4353557,3.079316,140,227,-59
188,31913,Tiara,Tiara,75,3,5.787263854,79,06-17-2022,-3.6274807,1.0675454,3.0200708,-2.0979354,-2.38967,2.452293,-3.0219462,-3.3621929,2.0788262,3.275673,2.5399535,-3.3923802,2.991744,140,219,-51
189,31915,Sierra,Tiara,75,3,6.796737033,90,06-17-2022,-4.0128784,1.1451308,2.145752,-2.169829,-2.5879972,3.4565806,-3.0928411,-3.35771,2.3477798,3.2094123,2.1725209,-3.4625337,3.0497286,140,230,-62
190,31916,Scarlett,Tiara,150,1,10.5076981,90,06-17-2022,-2.764092,0.69795805,2.6591606,-1.7458302,-1.8846979,1.6968764,-2.425675,-2.7987509,1.6248021,2.5610042,2.2498877,-2.6246307,2.4798875,140,230,-62
191,31917,IAC600,Tiara,150,1,2.701487884,74,06-17-2022,-3.0693111,0.8546052,2.977653,-1.9162886,-2.0735812,1.8248732,-2.660971,-3.0667841,1.7711797,2.8616498,2.4574385,-2.9434943,2.7013462,140,214,-46
192,31918,Tiara,Tiara,150,1,6.403845483,80,06-17-2022,-2.6368763,0.6208755,2.210385,-1.5940813,-1.7289112,1.8259916,-2.2359982,-2.506389,1.5573574,2.4116127,1.9977069,-2.4402552,2.2951438,140,220,-52
193,31919,Sierra,Tiara,150,1,6.727909317,91,06-17-2022,-3.4904225,1.1061893,3.4555895,-2.1995976,-2.4098423,2.010964,-3.0455687,-3.5334322,2.0128257,3.2077017,2.753669,-3.38297,3.0450578,140,231,-63
194,31920,IAC600,Tiara,150,2,3.504477913,74,06-17-2022,-3.5484388,1.1446595,3.5451262,-2.2550702,-2.4672925,2.0318968,-3.116133,-3.6266727,2.0484624,3.2470663,2.808028,-3.4467735,3.1052601,140,214,-46
195,31922,Tiara,Tiara,150,2,6.025293041,81,06-17-2022,-3.6515977,1.1411767,3.3043401,-2.2117774,-2.475485,2.3035204,-3.1137428,-3.544453,2.102621,3.299781,2.6932824,-3.474285,3.0929248,140,221,-53
196,31926,Scarlett,Tiara,150,3,10.41305999,90,06-17-2022,-3.3215127,0.8736987,2.522581,-1.8346598,-2.134338,2.3989558,-2.7005885,-2.9356284,1.9317514,3.0253325,2.216287,-3.0580215,2.7059512,140,230,-62
197,31927,Sierra,Tiara,150,3,3.283655655,93,06-17-2022,-4.0293922,1.1543834,2.0932174,-2.1906974,-2.6017659,3.5073888,-3.0866392,-3.35628,2.3543086,3.2150767,2.163448,-3.481705,3.0659132,140,233,-65
198,31928,IAC600,Tiara,200,1,2.480665626,74,06-17-2022,-3.283886,1.0001012,3.3814468,-2.0946023,-2.2678711,1.8188639,-2.894114,-3.3773963,1.8928994,3.066123,2.6832907,-3.2024632,2.9133432,140,214,-46
199,31929,Sierra,Tiara,200,1,6.573046954,92,06-17-2022,-3.438376,1.0741848,3.4260588,-2.1715229,-2.3688946,1.9673024,-2.9980693,-3.491235,1.9776766,3.1680017,2.7334304,-3.3333874,3.0076385,140,232,-64
200,31930,Scarlett,Tiara,200,1,11.12714755,90,06-17-2022,-2.5391107,0.5882606,2.205136,-1.5615902,-1.7247583,1.7425218,-2.2288735,-2.4977195,1.5457743,2.3062222,1.9491144,-2.3573952,2.265472,140,230,-62
201,31931,Tiara,Tiara,200,1,6.033896506,82,06-17-2022,-2.9234302,0.7784143,2.8409612,-1.830362,-1.982719,1.7443548,-2.5423994,-2.9364877,1.7019576,2.7272763,2.3617086,-2.794263,2.5955222,140,222,-54
202,31932,Scarlett,Tiara,200,2,10.48475552,91,06-17-2022,-3.0852385,0.9255614,3.3341024,-2.0164888,-2.154766,1.6187137,-2.7665167,-3.2567031,1.7906071,2.9176471,2.6277695,-3.0389812,2.801036,140,231,-63
203,31933,Tiara,Tiara,200,2,5.695493565,82,06-17-2022,-3.3701596,1.0108076,3.281715,-2.0891354,-2.2975106,1.9772946,-2.910578,-3.3614974,1.9367921,3.1108234,2.6459496,-3.2406182,2.931265,140,222,-54
204,31934,Sierra,Tiara,200,2,6.441127163,92,06-17-2022,-3.773242,1.2229991,3.1813562,-2.2988603,-2.5827916,2.5216172,-3.1869206,-3.646982,2.186805,3.2821753,2.6769245,-3.5400538,3.1526163,140,232,-64
205,31937,IAC600,Tiara,200,3,3.667943741,74,06-17-2022,-3.619374,1.0971684,3.1834722,-2.1508799,-2.4226825,2.3387306,-3.0537224,-3.4515843,2.0751514,3.275888,2.6257982,-3.4212246,3.0350516,140,214,-46
206,31770,RT7521FP,Hybrid_RT7521FP,130,2,13.87516154,86,06-25-2022,5.9058576,-1.529665,-3.377975,3.1758337,3.8719218,-5.1562433,4.3031898,4.968326,-3.640146,-4.83374,-3.3198261,5.0955276,-4.6234064,140,226,-50
207,31771,RT7521FP,Hybrid_RT7521FP,130,2,13.35494335,85,06-25-2022,5.9408193,-1.5649883,-3.4462059,3.2558715,3.913514,-5.189035,4.532705,5.0739293,-3.6630042,-4.9249873,-3.4094872,5.188264,-4.691728,140,225,-49
208,31772,RT7521FP,Hybrid_RT7521FP,130,2,13.70175548,86,06-25-2022,5.9258757,-1.533163,-3.1900034,3.07715,3.956327,-5.138903,4.1209736,4.861356,-3.6362624,-4.7986813,-3.2500517,5.004202,-4.534769,140,226,-50
209,31773,RT7521FP,Hybrid_RT7521FP,130,2,14.22216485,86,06-25-2022,5.9967685,-1.5424306,-3.352715,3.2289357,3.9666376,-5.213885,4.3975554,5.043243,-3.6829398,-4.9226966,-3.3849268,5.161057,-4.686458,140,226,-50
210,31774,RT7521FP,Hybrid_RT7521FP,130,2,14.22216485,86,06-25-2022,5.952851,-1.5670639,-3.4629424,3.2563264,3.936043,-5.1951966,4.5760374,5.106016,-3.6864398,-4.943345,-3.392784,5.2083125,-4.717492,140,226,-50
211,31775,RT7521FP,Hybrid_RT7521FP,130,2,13.87516154,86,06-25-2022,5.9145346,-1.560754,-3.3983397,3.227786,3.9407895,-5.1511836,4.4265537,5.038747,-3.6965716,-4.906187,-3.3502204,5.1619525,-4.6804056,140,226,-50
212,31776,RT7521FP,Hybrid_RT7521FP,130,2,13.52834941,86,06-25-2022,5.9244404,-1.558979,-3.4609203,3.2547846,3.9135866,-5.222585,4.589651,5.0867724,-3.6906464,-4.910551,-3.364559,5.194809,-4.713196,140,226,-50
213,31777,RT7521FP,Hybrid_RT7521FP,130,2,14.22216485,86,06-25-2022,5.974704,-1.5571059,-3.2362583,3.1477222,4.0204935,-5.1834955,4.2198596,4.9586315,-3.7166362,-4.8932548,-3.3130858,5.100261,-4.629972,140,226,-50
214,31778,RT7521FP,Hybrid_RT7521FP,130,2,13.70175548,87,06-25-2022,5.983676,-1.5190004,-3.2241223,3.0705793,4.0255933,-5.2299304,4.149197,4.906154,-3.707347,-4.84362,-3.2496397,5.030099,-4.5872116,140,227,-51
215,31779,RT7521FP,Hybrid_RT7521FP,130,2,13.52834941,86,06-25-2022,6.1631365,-1.451717,-3.4500477,3.233572,4.0173435,-5.400499,4.5935006,5.1338925,-3.6844804,-4.979853,-3.43128,5.1815176,-4.7274513,140,226,-50
216,31780,RT7521FP,Hybrid_RT7521FP,130,3,14.22216485,86,06-25-2022,6.0875754,-1.4792519,-3.4775836,3.2468443,3.9929657,-5.3344655,4.618715,5.137588,-3.692675,-4.9745936,-3.4191437,5.1989965,-4.7374773,140,226,-50
217,31781,RT7521FP,Hybrid_RT7521FP,130,3,13.52834941,86,06-25-2022,6.01096,-1.5410638,-3.2289126,3.1243885,3.9942725,-5.227712,4.202803,4.9192905,-3.6803164,-4.8907413,-3.323665,5.078112,-4.5988007,140,226,-50
218,31782,RT7521FP,Hybrid_RT7521FP,130,3,12.48772186,84,06-25-2022,5.9401965,-1.5732465,-3.5461104,3.310521,3.9025538,-5.257251,4.684588,5.144301,-3.7080195,-4.9503336,-3.4138572,5.252658,-4.7690463,140,224,-48
219,31783,RT7521FP,Hybrid_RT7521FP,130,3,13.87516154,85,06-25-2022,6.009071,-1.562163,-3.2022848,3.1334136,3.9919195,-5.207089,4.159545,4.9075127,-3.6643956,-4.8845305,-3.3484719,5.077421,-4.5851917,140,225,-49
220,31784,RT7521FP,Hybrid_RT7521FP,130,3,13.70175548,86,06-25-2022,6.043779,-1.4962932,-3.6040323,3.3093724,3.9355993,-5.3607235,4.882973,5.2128863,-3.6790528,-4.9872847,-3.452364,5.2546043,-4.784094,140,226,-50
221,31785,RT7521FP,Hybrid_RT7521FP,130,3,14.56897697,86,06-25-2022,6.261356,-1.3847423,-3.6670148,3.318536,4.0777507,-5.5797267,4.978357,5.329899,-3.7619324,-5.0807204,-3.49222,5.2909756,-4.880092,140,226,-50
222,31786,RT7521FP,Hybrid_RT7521FP,130,3,14.56897697,86,06-25-2022,6.2978287,-1.3650568,-3.6761072,3.3136122,4.063396,-5.629581,5.0033646,5.3383837,-3.736974,-5.078148,-3.4974675,5.282178,-4.8689165,140,226,-50
223,31787,RT7521FP,Hybrid_RT7521FP,130,3,13.18153729,85,06-25-2022,6.1094956,-1.4752511,-3.659332,3.3393767,3.9894664,-5.436707,4.969251,5.289077,-3.7291055,-5.0352097,-3.476266,5.305945,-4.853469,140,225,-49
224,31788,RT7521FP,Hybrid_RT7521FP,130,3,13.35494335,86,06-25-2022,6.095173,-1.4866374,-3.6368082,3.333944,3.9747,-5.409154,4.9163747,5.2740183,-3.7131326,-5.020126,-3.4723012,5.2891016,-4.827558,140,226,-50
225,31789,RT7521FP,Hybrid_RT7521FP,130,3,12.48772186,86,06-25-2022,6.0644894,-1.4903041,-3.5984795,3.299147,3.9461875,-5.36647,4.788506,5.2064533,-3.6983876,-4.9781837,-3.4334192,5.2483187,-4.786105,140,226,-50
226,31790,NIL 43,Inbred_Jeff + NIL,130,1,10.05946344,88,06-25-2022,5.705921,-1.6301608,-3.371746,3.207313,3.8762488,-4.8940334,4.4387484,5.001604,-3.6504447,-4.900456,-3.3520896,5.162652,-4.63432,140,228,-52
227,31793,NIL 43,Inbred_Jeff + NIL,130,1,9.886057375,88,06-25-2022,5.8200035,-1.6201596,-3.3522348,3.2032416,3.9141626,-4.9994087,4.34881,4.991143,-3.657583,-4.8934655,-3.3593545,5.148959,-4.631988,140,228,-52
228,31795,NIL 43,Inbred_Jeff + NIL,130,1,8.845429819,88,06-25-2022,5.5526047,-1.748656,-3.2090335,3.1586194,3.8109922,-4.670547,4.078719,4.828643,-3.6065269,-4.83046,-3.3196056,5.105587,-4.5254116,140,228,-52
229,31797,NIL 43,Inbred_Jeff + NIL,130,1,9.539245252,88,06-25-2022,6.0850353,-1.5464364,-3.1546001,3.1246293,3.9865758,-5.2331314,3.9297013,4.865036,-3.6707184,-4.891851,-3.3541293,5.062363,-4.5806723,140,228,-52
230,31799,NIL 43,Inbred_Jeff + NIL,130,1,8.672023758,88,06-25-2022,6.041067,-1.5913949,-2.976078,3.038804,3.9845176,-5.1242886,3.5524144,4.697178,-3.6562073,-4.818459,-3.2885303,4.9688373,-4.479137,140,228,-52
231,31800,Jefferson,Inbred_Jeff + NIL,130,2,5.896953213,78,06-25-2022,6.214513,-1.5928129,-2.544774,2.8586094,4.019752,-5.2141447,2.6268346,4.3365417,-3.6431062,-4.676207,-3.1642034,4.7539477,-4.2870016,140,218,-42
232,31801,Jefferson,Inbred_Jeff + NIL,130,2,6.590768646,78,06-25-2022,6.278083,-1.5766134,-2.5888271,2.8850846,4.0365806,-5.272099,2.6960387,4.387144,-3.6341643,-4.712512,-3.2204657,4.7812853,-4.3129277,140,218,-42
233,31803,Jefferson,Inbred_Jeff + NIL,130,2,5.898865077,78,06-25-2022,6.2280817,-1.5923226,-2.5084455,2.828181,4.0586505,-5.2207093,2.5677912,4.317173,-3.6555412,-4.653879,-3.1307771,4.7221503,-4.2684665,140,218,-42
234,31804,Jefferson,Inbred_Jeff + NIL,130,2,6.417171398,78,06-25-2022,6.141646,-1.622967,-2.581381,2.858017,4.0487146,-5.153704,2.7156534,4.368601,-3.669909,-4.6873665,-3.1504006,4.7764235,-4.306436,140,218,-42
235,31806,Jefferson,Inbred_Jeff + NIL,130,2,6.590768646,78,06-25-2022,6.136383,-1.6576195,-2.5372384,2.8832645,4.001033,-5.138886,2.6308277,4.332255,-3.6610646,-4.67536,-3.1599877,4.7827873,-4.2929654,140,218,-42
236,31810,NIL 43,Inbred_Jeff + NIL,130,3,9.886057375,90,06-25-2022,6.044664,-1.6428486,-2.4735987,2.7793975,4.0442095,-5.0173597,2.5899765,4.2866755,-3.6577275,-4.613196,-3.0640635,4.6894937,-4.2265644,140,230,-54
237,31811,Jefferson,Inbred_Jeff + NIL,130,3,5.900776941,79,06-25-2022,6.161734,-1.6237673,-2.471311,2.8214972,4.0611405,-5.1634517,2.5570965,4.2876945,-3.6723313,-4.660337,-3.1230762,4.727492,-4.258976,140,219,-43
238,31812,NIL 43,Inbred_Jeff + NIL,130,3,9.192241943,89,06-25-2022,6.2290087,-1.6139922,-2.5792775,2.897388,4.073062,-5.213347,2.7042477,4.4048824,-3.6924872,-4.7318554,-3.192137,4.815257,-4.350638,140,229,-53
239,31813,Jefferson,Inbred_Jeff + NIL,130,3,6.590768646,79,06-25-2022,6.044747,-1.6656976,-2.495115,2.8389275,3.998573,-5.053029,2.5619814,4.287986,-3.6684875,-4.633833,-3.1043625,4.7379727,-4.2671742,140,219,-43
240,31814,Jefferson,Inbred_Jeff + NIL,130,3,6.419083262,78,06-25-2022,6.3894324,-1.5200335,-2.6379108,2.9022884,4.078546,-5.4051914,2.81119,4.457264,-3.6349373,-4.748528,-3.2574313,4.7959538,-4.345136,140,218,-42
241,31815,Jefferson,Inbred_Jeff + NIL,130,3,5.549949903,78,06-25-2022,6.5018883,-1.4766024,-2.6787834,2.933908,4.134878,-5.545053,2.9131818,4.5183606,-3.6801927,-4.796469,-3.2739878,4.835385,-4.4066653,140,218,-42
242,31816,NIL 43,Inbred_Jeff + NIL,130,3,9.539245252,89,06-25-2022,6.1022434,-1.492564,-3.3693721,3.2113702,4.021033,-5.327152,4.403801,5.0647054,-3.702914,-4.9459863,-3.3958247,5.1553345,-4.704017,140,229,-53
243,31817,Jefferson,Inbred_Jeff + NIL,130,3,6.937580769,79,06-25-2022,6.649713,-1.4232663,-2.747695,2.9692237,4.1794333,-5.7158184,3.064076,4.610148,-3.701394,-4.8415804,-3.3211746,4.879125,-4.4753814,140,219,-43
244,31818,NIL 43,Inbred_Jeff + NIL,130,3,10.18124917,89,06-25-2022,6.053919,-1.5277162,-3.291736,3.1781397,3.9662504,-5.261977,4.2304435,4.969902,-3.6563249,-4.9045625,-3.382951,5.111184,-4.63101,140,229,-53
245,31819,NIL 43,Inbred_Jeff + NIL,130,3,9.018835881,89,06-25-2022,5.9341106,-1.6125786,-3.2194114,3.1530058,3.9366102,-5.122404,4.083908,4.8842764,-3.6621222,-4.861207,-3.3374877,5.0908732,-4.588434,140,229,-53
246,31823,EMBRAPA 1200,Mini_Core,130,1,5.203088607,90,06-25-2022,4.6605287,-2.0925667,-3.396904,3.2320085,3.5562224,-3.7382834,4.513797,4.8577275,-3.5852752,-4.776223,-3.2336948,5.2396207,-4.513894,139,229,-53
247,31825,M-202,Mini_Core,130,1,7.284553476,82,06-25-2022,5.878762,-1.6075556,-3.4235249,3.2367847,3.9255705,-5.108558,4.525725,5.055616,-3.68358,-4.9370537,-3.3893888,5.200455,-4.688294,139,221,-45
248,31829,RT7521FP,Mini_Core,130,1,18.47163849,86,06-25-2022,6.7054644,-1.1840134,-3.7469277,3.339208,4.239875,-6.0788326,5.0844154,5.4703097,-3.8428843,-5.1614575,-3.5374532,5.302976,-4.997496,139,225,-49
249,31831,Jefferson,Mini_Core,130,1,6.503932455,79,06-25-2022,6.190397,-1.6952937,-2.6388814,2.9780552,3.9443417,-5.204338,2.723767,4.373304,-3.6653652,-4.747775,-3.2427564,4.887128,-4.3715315,139,218,-42
250,31832,EMBRAPA 1200,Mini_Core,130,2,7.024155281,91,06-25-2022,5.2460556,-1.9597461,-2.3754501,2.7694294,3.8156173,-4.2597613,2.4631293,4.067058,-3.7249181,-4.448606,-2.842079,4.688928,-4.1420794,139,230,-54
251,31833,RT7521FP,Mini_Core,130,2,18.47163849,86,06-25-2022,7.094039,-1.014139,-3.8293502,3.3498123,4.365327,-6.5262303,5.173078,5.584302,-3.8943272,-5.232395,-3.5931077,5.3090777,-5.0906506,139,225,-49
252,31835,Jefferson,Mini_Core,130,2,6.764043868,80,06-25-2022,6.0851674,-1.6562399,-2.4604845,2.8000176,4.026462,-5.0756426,2.565691,4.2593837,-3.6768634,-4.63688,-3.0849948,4.7170987,-4.2483993,139,219,-43
253,31843,WAB462-10-3-1,Mini_Core,130,2,3.382021934,82,06-25-2022,6.74977,-1.366253,-2.760628,2.976973,4.202805,-5.784921,3.0179627,4.634484,-3.692534,-4.8831677,-3.3697913,4.875721,-4.4838233,139,221,-45
254,31844,WAB462-10-3-1,Mini_Core,130,3,3.121910521,82,06-25-2022,6.7569904,-1.3755312,-2.8184152,2.9972904,4.2125196,-5.794633,3.1367354,4.678934,-3.698355,-4.9123435,-3.3960347,4.912332,-4.5132513,139,221,-45
255,31847,EMBRAPA 1200,Mini_Core,130,3,5.46320002,91,06-25-2022,5.2539344,-1.9682622,-2.3043063,2.751847,3.760576,-4.2658167,2.3379366,4.007459,-3.6585262,-4.3717737,-2.8126514,4.633591,-4.0842204,139,230,-54
256,31854,M-202,Mini_Core,130,3,8.064887715,81,06-25-2022,6.1395745,-1.6239518,-2.8443182,3.0308342,4.015105,-5.1995254,3.2054803,4.6051397,-3.7023046,-4.823456,-3.2751865,4.9707627,-4.4831753,139,220,-44
257,31856,Jefferson,Mini_Core,130,4,9.10562015,80,06-25-2022,6.0907483,-1.6220721,-2.4820085,2.8205285,3.9916713,-5.098885,2.5695102,4.2705054,-3.6458228,-4.6296434,-3.0989425,4.7128806,-4.244432,139,219,-43
258,31860,RT7521FP,Mini_Core,130,4,18.21066673,84,06-25-2022,7.052281,-1.0348526,-3.841021,3.3723252,4.3574133,-6.502556,5.2621803,5.6032686,-3.8943808,-5.222766,-3.5871558,5.3242135,-5.0954075,139,223,-47
259,31861,WAB462-10-3-1,Mini_Core,130,4,4.162356173,81,06-25-2022,7.070779,-1.0565041,-3.5784981,3.249404,4.3433585,-6.467429,4.6908765,5.355448,-3.8598247,-5.1231856,-3.5121832,5.1769986,-4.948826,139,220,-44
260,31864,M-202,Mini_Core,130,4,7.544664889,81,06-25-2022,6.1301985,-1.4676473,-3.2844138,3.1364098,4.056509,-5.3507247,4.229275,4.9904604,-3.6974587,-4.8852806,-3.3381321,5.0712337,-4.6446276,139,220,-44
261,31868,Santee Gold,Santee_Gold,75,1,9.096648744,93,06-25-2022,4.62873,-2.067029,-3.7596345,3.4144611,3.579284,-3.7182167,5.225298,5.1931834,-3.610992,-4.9792147,-3.4145558,5.4727807,-4.7198663,140,233,-57
262,31870,RoyJ,Santee_Gold,75,1,13.73674259,94,06-25-2022,6.736698,-1.3856801,-2.800185,2.9734833,4.2018023,-5.782175,3.0587542,4.6426826,-3.684831,-4.8834987,-3.3838425,4.883966,-4.4912972,140,234,-58
263,31871,Charleston Gold,Santee_Gold,75,1,6.171496878,88,06-25-2022,5.362478,-1.7792934,-3.6037276,3.3404913,3.772781,-4.5146546,4.8879395,5.1533084,-3.6359658,-4.984554,-3.447495,5.335778,-4.7208047,140,228,-52
264,31873,Charleston Gold,Santee_Gold,75,2,5.397191973,88,06-25-2022,5.2397175,-1.8195347,-3.5883934,3.322912,3.7528574,-4.3765182,4.8656197,5.1308017,-3.6296227,-4.955391,-3.4138668,5.323845,-4.699161,140,228,-52
265,31874,Carolina Gold,Santee_Gold,75,2,3.851449957,91,06-25-2022,4.710906,-2.0863008,-3.452945,3.2772634,3.659829,-3.7722092,4.6304593,4.9656334,-3.6818986,-4.857152,-3.259649,5.3206954,-4.61641,140,231,-55
266,31875,RoyJ,Santee_Gold,75,2,12.84485805,94,06-25-2022,6.4749336,-1.4535398,-2.6693115,2.9093673,4.1191916,-5.515068,2.8375115,4.4908442,-3.6630454,-4.785768,-3.2836382,4.799952,-4.384493,140,234,-58
267,31878,Carolina Gold,Santee_Gold,75,3,3.676514404,91,06-25-2022,4.1246133,-2.2663803,-3.946329,3.4939725,3.4862907,-3.2423007,5.6262174,5.3009834,-3.66897,-4.958257,-3.34723,5.597927,-4.794228,140,231,-55
268,31879,Santee Gold,Santee_Gold,75,3,10.2609739,94,06-25-2022,4.421869,-2.1278703,-3.9034002,3.4646177,3.5470674,-3.5310953,5.5138073,5.292983,-3.632425,-4.984522,-3.411871,5.542292,-4.776062,140,234,-58
269,31881,RoyJ,Santee_Gold,150,1,14.05220014,98,06-25-2022,6.9277225,-1.2561007,-2.903952,3.0132563,4.243752,-5.989001,3.2523904,4.7562428,-3.671197,-4.9685397,-3.4741795,4.916074,-4.5514293,140,238,-62
270,31882,Santee Gold,Santee_Gold,150,1,9.297394461,96,06-25-2022,4.6348495,-2.030118,-3.8088179,3.4193032,3.5920837,-3.734543,5.350196,5.238868,-3.613864,-4.9852304,-3.4196181,5.4767456,-4.742732,140,236,-60
271,31884,Charleston Gold,Santee_Gold,150,2,6.544310351,91,06-25-2022,5.113613,-1.876825,-3.6266909,3.3505893,3.7113504,-4.2344046,4.9368935,5.140546,-3.6206489,-4.960479,-3.4246562,5.359353,-4.702308,140,231,-55
272,31885,Carolina Gold,Santee_Gold,150,2,3.447090728,92,06-25-2022,4.446119,-2.174869,-3.4202306,3.2218244,3.5610147,-3.5464196,4.612065,4.8603263,-3.6217663,-4.7182703,-3.1597652,5.235737,-4.513634,140,232,-56
273,31886,RoyJ,Santee_Gold,150,2,14.41641023,98,06-25-2022,6.526232,-1.4633014,-2.6962752,2.921531,4.1505976,-5.555811,2.8832648,4.520555,-3.6823003,-4.8197703,-3.313808,4.8308635,-4.413754,140,238,-62
274,31887,Santee Gold,Santee_Gold,150,2,9.360485971,96,06-25-2022,4.9784503,-1.9435234,-3.532479,3.309912,3.66659,-4.070765,4.7551937,5.0392566,-3.6032138,-4.910012,-3.3779256,5.317605,-4.6357994,140,236,-60
275,31888,Charleston Gold,Santee_Gold,150,3,6.81388317,91,06-25-2022,5.2775526,-1.8046563,-3.699249,3.3760664,3.7596984,-4.417078,5.0523,5.2242694,-3.640262,-5.0223393,-3.4745774,5.3958855,-4.7625113,140,231,-55
276,31890,Carolina Gold,Santee_Gold,150,3,2.733009538,93,06-25-2022,3.9956887,-2.2670891,-3.977146,3.4747589,3.4296958,-3.169532,5.758102,5.2864985,-3.645255,-4.9127736,-3.2924688,5.5730243,-4.764624,140,233,-57
277,31893,Charleston Gold,Santee_Gold,200,1,4.906798866,91,06-25-2022,5.3823304,-1.7207577,-3.8339405,3.4224706,3.7930832,-4.5800066,5.332644,5.3494544,-3.6583135,-5.083237,-3.5181968,5.4457054,-4.8410335,140,231,-55
278,31894,Carolina Gold,Santee_Gold,200,1,4.109551592,92,06-25-2022,4.69148,-2.0732315,-3.659385,3.3672304,3.6530476,-3.755274,4.998824,5.134571,-3.681704,-4.953506,-3.3518825,5.4367533,-4.7153034,140,232,-56
279,31895,RoyJ,Santee_Gold,200,1,12.78463433,99,06-25-2022,6.667043,-1.3937525,-2.6999073,2.9326355,4.1404624,-5.7043576,2.9005182,4.540452,-3.6304924,-4.829362,-3.3624454,4.815274,-4.4063873,140,239,-63
280,31896,Santee Gold,Santee_Gold,200,2,8.850018293,96,06-25-2022,4.7637153,-2.0214334,-3.5449486,3.3044355,3.6146781,-3.8363,4.793396,5.0192885,-3.602209,-4.8965364,-3.34575,5.3292203,-4.6156974,140,236,-60
281,31899,Charleston Gold,Santee_Gold,200,2,4.780615844,92,06-25-2022,5.241497,-1.8117155,-3.660734,3.3539627,3.745801,-4.3774905,5.002873,5.1869683,-3.6238022,-4.992717,-3.4505925,5.3638806,-4.7289248,140,232,-56
282,31900,Carolina Gold,Santee_Gold,200,3,11.66332612,94,06-25-2022,4.774043,-2.0698454,-3.4782279,3.301941,3.6579187,-3.8301358,4.690027,4.9980364,-3.6481752,-4.8836136,-3.3160875,5.3382235,-4.6201615,140,234,-58
283,31901,RoyJ,Santee_Gold,200,3,5.663896996,100,06-25-2022,6.561952,-1.4931334,-2.699283,2.9446816,4.1101694,-5.603564,2.8736567,4.51752,-3.6568673,-4.7954903,-3.3025563,4.851934,-4.4208765,140,240,-64
284,31903,Santee Gold,Santee_Gold,200,3,8.987672498,98,06-25-2022,4.3383365,-2.1400375,-3.9859042,3.5105405,3.513176,-3.4726164,5.7203317,5.364067,-3.624779,-5.0004406,-3.4280035,5.5864244,-4.811068,140,238,-62
285,31905,IAC600,Tiara,75,1,2.414705731,73,06-25-2022,5.525356,-1.8902751,-2.5522778,2.8750713,3.903942,-4.4687595,2.7544897,4.2910013,-3.7021103,-4.6162305,-3.0351613,4.8289385,-4.2685304,140,213,-37
286,31906,Scarlett,Tiara,75,1,10.02303626,87,06-25-2022,5.096364,-1.9099009,-3.2579205,3.181922,3.70517,-4.167152,4.2392936,4.824178,-3.599477,-4.796224,-3.268571,5.1534286,-4.5134354,140,227,-51
287,31908,Tiara,Tiara,75,2,5.698361386,80,06-25-2022,5.0085664,-1.9865332,-2.985415,3.0596795,3.725749,-4.065799,3.7226095,4.5874777,-3.6644697,-4.6814013,-3.1038492,5.0319495,-4.403316,140,220,-44
288,31909,Sierra,Tiara,75,2,6.650478135,91,06-25-2022,5.414735,-1.9249061,-2.3609042,2.766249,3.8946114,-4.4182906,2.4335496,4.1137457,-3.7223065,-4.4658027,-2.8847272,4.6884475,-4.1600266,140,231,-55
289,31910,IAC600,Tiara,75,2,3.725300171,73,06-25-2022,5.5356827,-1.853652,-2.4390635,2.8045382,3.924576,-4.490323,2.5458915,4.197923,-3.7023966,-4.5549884,-2.9728143,4.7330346,-4.200457,140,213,-37
290,31911,Scarlett,Tiara,75,2,9.807949643,87,06-25-2022,5.247506,-1.8916621,-3.132734,3.1420684,3.7548206,-4.2955117,3.9843125,4.751581,-3.616528,-4.80103,-3.2579672,5.112927,-4.4816847,140,227,-51
291,31913,Tiara,Tiara,75,3,5.787263854,79,06-25-2022,5.070983,-1.9583423,-3.2033024,3.1717546,3.7185953,-4.1279316,4.125956,4.7831197,-3.62678,-4.801602,-3.2588427,5.160554,-4.5049167,140,219,-43
292,31915,Sierra,Tiara,75,3,6.796737033,90,06-25-2022,5.4172297,-1.9029254,-2.519585,2.8520496,3.9051201,-4.3748174,2.74722,4.272066,-3.7175887,-4.5437994,-2.9585223,4.787354,-4.2475157,140,230,-54
293,31916,Scarlett,Tiara,150,1,10.5076981,90,06-25-2022,4.668332,-2.033568,-3.483321,3.2609859,3.607347,-3.747427,4.721159,4.950706,-3.6186996,-4.8233094,-3.251756,5.276202,-4.5829177,140,230,-54
294,31917,IAC600,Tiara,150,1,2.701487884,74,06-25-2022,5.592008,-1.8262206,-2.6102972,2.8947651,3.8953981,-4.545893,2.825586,4.341063,-3.6730597,-4.645218,-3.083614,4.8374033,-4.2867017,140,214,-38
295,31918,Tiara,Tiara,150,1,6.403845483,80,06-25-2022,5.1898427,-1.9171515,-3.2115574,3.1794157,3.7574754,-4.233359,4.110237,4.81382,-3.6337252,-4.8135343,-3.2752705,5.157392,-4.519684,140,220,-44
296,31919,Sierra,Tiara,150,1,6.727909317,91,06-25-2022,5.420189,-1.8956497,-2.3708332,2.777013,3.8718083,-4.404576,2.4602182,4.112544,-3.6903996,-4.4678783,-2.89695,4.6856875,-4.1518145,140,231,-55
297,31920,IAC600,Tiara,150,2,3.504477913,74,06-25-2022,5.3881373,-1.9060482,-2.4390595,2.8116372,3.8473973,-4.3658304,2.5538917,4.159776,-3.698405,-4.502555,-2.9187286,4.7332835,-4.188916,140,214,-38
298,31922,Tiara,Tiara,150,2,6.025293041,81,06-25-2022,5.0599036,-1.9579972,-3.170189,3.126722,3.7393873,-4.0974407,4.0375934,4.7515917,-3.642198,-4.76734,-3.209378,5.1201234,-4.477902,140,221,-45
299,31926,Scarlett,Tiara,150,3,10.41305999,90,06-25-2022,4.7310634,-2.025934,-3.574819,3.3280752,3.6119802,-3.816858,4.8800187,5.048408,-3.6053324,-4.883037,-3.3404868,5.3456216,-4.6348615,140,230,-54
300,31927,Sierra,Tiara,150,3,3.283655655,93,06-25-2022,5.363627,-1.8705649,-2.363464,2.6702526,3.9422424,-4.4030285,2.5235565,4.1313605,-3.6875114,-4.388675,-2.8263435,4.59139,-4.1008773,140,233,-57
301,31928,IAC600,Tiara,200,1,2.480665626,74,06-25-2022,5.668463,-1.8090737,-2.5181658,2.8515706,3.923419,-4.60481,2.6506217,4.271836,-3.67884,-4.61145,-3.0489943,4.7809834,-4.2457395,140,214,-38
302,31929,Sierra,Tiara,200,1,6.573046954,92,06-25-2022,5.511501,-1.8964741,-2.3948126,2.8018591,3.9052193,-4.4603267,2.4790819,4.155926,-3.6988664,-4.535105,-2.9669063,4.7306094,-4.184929,140,232,-56
303,31930,Scarlett,Tiara,200,1,11.12714755,90,06-25-2022,4.9486904,-1.9308175,-3.5172155,3.2878885,3.6582935,-4.0494256,4.768156,5.0218654,-3.588702,-4.865128,-3.341742,5.2770643,-4.6088667,140,230,-54
304,31931,Tiara,Tiara,200,1,6.033896506,82,06-25-2022,5.1907554,-1.902106,-3.1648495,3.1497045,3.76406,-4.2454925,4.048625,4.775234,-3.635168,-4.7850494,-3.2433062,5.121193,-4.500374,140,222,-46
305,31932,Scarlett,Tiara,200,2,10.48475552,91,06-25-2022,5.1430335,-1.9102325,-3.1610556,3.1380205,3.7279706,-4.192703,4.040749,4.7512484,-3.6028938,-4.7636175,-3.2363226,5.10108,-4.4688616,140,231,-55
306,31933,Tiara,Tiara,200,2,5.695493565,82,06-25-2022,5.399224,-1.8453548,-3.0990503,3.1413643,3.8157456,-4.4618053,3.9102693,4.759145,-3.6549654,-4.8238826,-3.270659,5.110398,-4.5077434,140,222,-46
307,31934,Sierra,Tiara,200,2,6.441127163,92,06-25-2022,5.3551803,-1.9377285,-2.349771,2.7679956,3.8537416,-4.342236,2.4007628,4.0940347,-3.7051597,-4.448839,-2.8632088,4.6809874,-4.1442537,140,232,-56
308,31937,IAC600,Tiara,200,3,3.667943741,74,06-25-2022,6.1536794,-1.659223,-2.648228,2.9425464,4.0471687,-5.151523,2.8635635,4.4627805,-3.7063453,-4.7495694,-3.2028766,4.8742495,-4.3819137,140,214,-38
309,31770,RT7521FP,Hybrid_RT7521FP,130,2,13.87516154,86,07-19-2022,6.2756896,-1.0620279,-4.4702344,3.5575101,4.079547,-6.0301538,6.5824523,6.0047507,-3.868434,-5.1772223,-3.5148523,5.50311,-5.277694,140,226,-26
310,31771,RT7521FP,Hybrid_RT7521FP,130,2,13.35494335,85,07-19-2022,6.3394485,-1.0531031,-4.504413,3.5816426,4.1031523,-6.093634,6.648358,6.040462,-3.8741653,-5.2154665,-3.5561156,5.5332828,-5.306218,140,225,-25
311,31772,RT7521FP,Hybrid_RT7521FP,130,2,13.70175548,86,07-19-2022,6.254071,-1.0933174,-4.4268756,3.5482297,4.064104,-5.9887195,6.5359707,5.9588056,-3.843359,-5.171905,-3.5209515,5.4958158,-5.2472777,140,226,-26
312,31773,RT7521FP,Hybrid_RT7521FP,130,2,14.22216485,86,07-19-2022,6.1955266,-1.1192936,-4.453433,3.5692375,4.058295,-5.9207273,6.583096,5.985046,-3.8616889,-5.1785984,-3.513583,5.5255547,-5.270231,140,226,-26
313,31774,RT7521FP,Hybrid_RT7521FP,130,2,14.22216485,86,07-19-2022,6.2561665,-1.0924975,-4.500552,3.5762188,4.076017,-5.9995456,6.638361,6.021524,-3.8741753,-5.197873,-3.5290236,5.5361,-5.2943044,140,226,-26
314,31775,RT7521FP,Hybrid_RT7521FP,130,2,13.87516154,86,07-19-2022,6.235598,-1.0868098,-4.4662123,3.5621748,4.0669084,-5.9848466,6.6080174,5.9908404,-3.863832,-5.1780176,-3.512046,5.513042,-5.2729435,140,226,-26
315,31776,RT7521FP,Hybrid_RT7521FP,130,2,13.52834941,86,07-19-2022,6.2408338,-1.096887,-4.4964476,3.5807652,4.074059,-5.9967966,6.642118,6.017517,-3.8733222,-5.1950226,-3.5323138,5.5363803,-5.294389,140,226,-26
316,31777,RT7521FP,Hybrid_RT7521FP,130,2,14.22216485,86,07-19-2022,6.148819,-1.1345259,-4.420718,3.5493834,4.0416217,-5.866877,6.5308256,5.94065,-3.8417342,-5.1701384,-3.5141172,5.5064917,-5.236135,140,226,-26
317,31778,RT7521FP,Hybrid_RT7521FP,130,2,13.70175548,87,07-19-2022,6.189892,-1.1218594,-4.3777623,3.518899,4.0400324,-5.91036,6.4465404,5.899558,-3.8260667,-5.153775,-3.4946022,5.471785,-5.2050643,140,227,-27
318,31779,RT7521FP,Hybrid_RT7521FP,130,2,13.52834941,86,07-19-2022,6.319007,-1.0422461,-4.470182,3.5507746,4.0925784,-6.07531,6.6181483,6.0030527,-3.8621488,-5.1872764,-3.523377,5.4988904,-5.2767363,140,226,-26
319,31780,RT7521FP,Hybrid_RT7521FP,130,3,14.22216485,86,07-19-2022,6.270511,-1.0674953,-4.466017,3.552887,4.0815177,-6.0245433,6.6272087,5.9978385,-3.8631716,-5.1807537,-3.5132296,5.508264,-5.274352,140,226,-26
320,31781,RT7521FP,Hybrid_RT7521FP,130,3,13.52834941,86,07-19-2022,6.162338,-1.1254592,-4.4140015,3.5410795,4.038441,-5.8792877,6.510595,5.931012,-3.829285,-5.142742,-3.5000222,5.482185,-5.219819,140,226,-26
321,31782,RT7521FP,Hybrid_RT7521FP,130,3,12.48772186,84,07-19-2022,6.329521,-1.0686673,-4.477038,3.572703,4.0898786,-6.088084,6.6055512,6.013546,-3.8646474,-5.190389,-3.5419877,5.5158186,-5.286334,140,224,-24
322,31783,RT7521FP,Hybrid_RT7521FP,130,3,13.87516154,85,07-19-2022,6.4183383,-1.0478605,-4.387388,3.5442617,4.1201835,-6.147586,6.4374733,5.9513526,-3.8632917,-5.194913,-3.5384347,5.4830074,-5.2591147,140,225,-25
323,31784,RT7521FP,Hybrid_RT7521FP,130,3,13.70175548,86,07-19-2022,6.399965,-1.0229791,-4.50607,3.575583,4.11315,-6.164669,6.67273,6.044487,-3.864283,-5.2273755,-3.5733798,5.527463,-5.3086143,140,226,-26
324,31785,RT7521FP,Hybrid_RT7521FP,130,3,14.56897697,86,07-19-2022,6.3913794,-1.0269145,-4.494169,3.5719924,4.12195,-6.148388,6.655605,6.0432343,-3.8806794,-5.2366037,-3.5599499,5.5350747,-5.315898,140,226,-26
325,31786,RT7521FP,Hybrid_RT7521FP,130,3,14.56897697,86,07-19-2022,6.3689723,-1.0441251,-4.4946413,3.5719883,4.1098866,-6.120805,6.6495786,6.036516,-3.8731325,-5.2202635,-3.5532637,5.5311294,-5.3036313,140,226,-26
326,31787,RT7521FP,Hybrid_RT7521FP,130,3,13.18153729,85,07-19-2022,6.350268,-1.0401808,-4.503178,3.5718818,4.1087227,-6.1157503,6.6763654,6.03769,-3.8731077,-5.212306,-3.5474253,5.527635,-5.306179,140,225,-25
327,31788,RT7521FP,Hybrid_RT7521FP,130,3,13.35494335,86,07-19-2022,6.368882,-1.0329903,-4.485152,3.5627604,4.117014,-6.1276455,6.6477757,6.0314617,-3.8758748,-5.217982,-3.547798,5.5224624,-5.300991,140,226,-26
328,31789,RT7521FP,Hybrid_RT7521FP,130,3,12.48772186,86,07-19-2022,6.3481145,-1.0348139,-4.5254874,3.5780966,4.1044893,-6.10757,6.6761994,6.0535293,-3.8763359,-5.2176623,-3.5564775,5.5310593,-5.311039,140,226,-26
329,31790,NIL 43,Inbred_Jeff + NIL,130,1,10.05946344,88,07-19-2022,5.0295234,-1.6417823,-4.2943788,3.5250072,3.675901,-4.5197234,6.32402,5.656093,-3.6693742,-4.984628,-3.4143324,5.500281,-4.9829693,140,228,-28
330,31793,NIL 43,Inbred_Jeff + NIL,130,1,9.886057375,88,07-19-2022,5.2580905,-1.54836,-4.299677,3.5291467,3.730113,-4.7743206,6.313391,5.6901174,-3.6760094,-5.031661,-3.4602087,5.5020647,-5.0138636,140,228,-28
331,31795,NIL 43,Inbred_Jeff + NIL,130,1,8.845429819,88,07-19-2022,5.3076043,-1.5252546,-4.2593203,3.5084836,3.7482815,-4.8518596,6.275702,5.6719995,-3.6936498,-5.0260534,-3.4347372,5.4827046,-5.0105643,140,228,-28
332,31797,NIL 43,Inbred_Jeff + NIL,130,1,9.539245252,88,07-19-2022,5.578751,-1.4104673,-4.286387,3.515858,3.8218787,-5.140718,6.2663913,5.727327,-3.707533,-5.063385,-3.481794,5.4736466,-5.051466,140,228,-28
333,31799,NIL 43,Inbred_Jeff + NIL,130,1,8.672023758,88,07-19-2022,5.5985417,-1.4037939,-4.3119264,3.5226238,3.8236601,-5.165391,6.29741,5.7459483,-3.7015333,-5.079897,-3.502646,5.4853992,-5.0615106,140,228,-28
334,31800,Jefferson,Inbred_Jeff + NIL,130,2,5.896953213,78,07-19-2022,7.3749857,-0.83648556,-3.8087308,3.2805886,4.4735494,-6.948617,5.2008767,5.591782,-3.952305,-5.155084,-3.486098,5.1972265,-5.1036983,140,218,-18
335,31801,Jefferson,Inbred_Jeff + NIL,130,2,6.590768646,78,07-19-2022,7.3822455,-0.8289543,-3.8515708,3.2992544,4.4768796,-6.9628706,5.276072,5.628708,-3.9566429,-5.166228,-3.4985263,5.215491,-5.125537,140,218,-18
336,31803,Jefferson,Inbred_Jeff + NIL,130,2,5.898865077,78,07-19-2022,7.359597,-0.8467703,-3.7905369,3.2727184,4.4697824,-6.9223924,5.148205,5.5653725,-3.948389,-5.1456075,-3.4802132,5.1873765,-5.090447,140,218,-18
337,31804,Jefferson,Inbred_Jeff + NIL,130,2,6.417171398,78,07-19-2022,7.3621926,-0.8457617,-3.8199196,3.2823856,4.465646,-6.93875,5.198445,5.593393,-3.9511414,-5.145,-3.47841,5.1985564,-5.1047497,140,218,-18
338,31806,Jefferson,Inbred_Jeff + NIL,130,2,6.590768646,78,07-19-2022,7.33519,-0.855419,-3.8054593,3.2857513,4.4673076,-6.9168,5.195553,5.589724,-3.9660256,-5.1386275,-3.465357,5.200726,-5.108862,140,218,-18
339,31810,NIL 43,Inbred_Jeff + NIL,130,3,9.886057375,90,07-19-2022,5.452746,-1.4550672,-4.25771,3.5018818,3.7839682,-5.001092,6.238973,5.68648,-3.6886716,-5.030501,-3.4535882,5.4582615,-5.017036,140,230,-30
340,31811,Jefferson,Inbred_Jeff + NIL,130,3,5.900776941,79,07-19-2022,7.325665,-0.8615087,-3.7993402,3.2799492,4.46725,-6.904085,5.184069,5.581362,-3.9563086,-5.125177,-3.4581392,5.1882744,-5.094628,140,219,-19
341,31812,NIL 43,Inbred_Jeff + NIL,130,3,9.192241943,89,07-19-2022,5.602949,-1.4169788,-4.2665534,3.5110588,3.8301451,-5.158126,6.2151065,5.7126303,-3.7063065,-5.075628,-3.4962,5.475863,-5.0502005,140,229,-29
342,31813,Jefferson,Inbred_Jeff + NIL,130,3,6.590768646,79,07-19-2022,7.401091,-0.82209146,-3.8154445,3.2900858,4.4778457,-6.9783525,5.2162046,5.605319,-3.951575,-5.164388,-3.498339,5.2030587,-5.1147404,140,219,-19
343,31814,Jefferson,Inbred_Jeff + NIL,130,3,6.419083262,78,07-19-2022,7.371796,-0.84061635,-3.8717492,3.3157806,4.4754786,-6.9472466,5.3176265,5.6486325,-3.9648032,-5.1910815,-3.5125458,5.2430162,-5.1413608,140,218,-18
344,31815,Jefferson,Inbred_Jeff + NIL,130,3,5.549949903,78,07-19-2022,7.395421,-0.83220637,-3.8628366,3.3078635,4.481686,-6.963682,5.287212,5.640646,-3.9621105,-5.1936245,-3.5167897,5.237714,-5.140321,140,218,-18
345,31816,NIL 43,Inbred_Jeff + NIL,130,3,9.539245252,89,07-19-2022,5.3591924,-1.5060221,-4.3211627,3.5320873,3.7621741,-4.8849764,6.356392,5.7277236,-3.6940668,-5.0747895,-3.483664,5.518876,-5.044873,140,229,-29
346,31817,Jefferson,Inbred_Jeff + NIL,130,3,6.937580769,79,07-19-2022,7.3233194,-0.8406324,-3.9572232,3.3462205,4.4591894,-6.918522,5.4686317,5.709568,-3.966112,-5.2071366,-3.5242257,5.279076,-5.1772084,140,219,-19
347,31818,NIL 43,Inbred_Jeff + NIL,130,3,10.18124917,89,07-19-2022,5.4436784,-1.4735478,-4.3352633,3.5513978,3.7780223,-4.979304,6.367925,5.749844,-3.6940446,-5.091558,-3.5101216,5.525687,-5.0612345,140,229,-29
348,31819,NIL 43,Inbred_Jeff + NIL,130,3,9.018835881,89,07-19-2022,5.4250546,-1.4720951,-4.3266783,3.5309443,3.7681458,-4.961753,6.34051,5.730674,-3.6833656,-5.0796843,-3.4959738,5.510542,-5.0449266,140,229,-29
349,31823,EMBRAPA 1200,Mini_Core,130,1,5.203088607,90,07-19-2022,5.2365947,-1.6177105,-3.9771783,3.38012,3.766936,-4.7133136,5.747372,5.434165,-3.6964097,-4.918501,-3.327643,5.353147,-4.865248,139,229,-29
350,31825,M-202,Mini_Core,130,1,7.284553476,82,07-19-2022,5.9208875,-1.274049,-4.2458324,3.4949052,3.9593878,-5.5275345,6.205335,5.7614145,-3.7688708,-5.10637,-3.497029,5.452109,-5.103638,139,221,-21
351,31829,RT7521FP,Mini_Core,130,1,18.47163849,86,07-19-2022,6.3478384,-1.0442979,-4.4551635,3.560779,4.112744,-6.102479,6.5890627,6.005765,-3.8783598,-5.19315,-3.529253,5.505254,-5.288977,139,225,-25
352,31831,Jefferson,Mini_Core,130,1,6.503932455,79,07-19-2022,7.221281,-0.8984371,-3.7729504,3.263994,4.423201,-6.823423,5.189476,5.5295715,-3.9529371,-5.106689,-3.426686,5.184696,-5.0724797,139,218,-18
353,31832,EMBRAPA 1200,Mini_Core,130,2,7.024155281,91,07-19-2022,5.8293595,-1.5581942,-3.4232957,3.2145376,3.9005785,-5.101337,4.52624,5.03877,-3.6634684,-4.8824887,-3.3436377,5.146589,-4.6682615,139,230,-30
354,31833,RT7521FP,Mini_Core,130,2,18.47163849,86,07-19-2022,6.402133,-1.0136893,-4.471943,3.5585456,4.120668,-6.168178,6.6217866,6.0257964,-3.8701823,-5.209439,-3.5423315,5.508471,-5.2975655,139,225,-25
355,31835,Jefferson,Mini_Core,130,2,6.764043868,80,07-19-2022,7.3569937,-0.84830445,-3.7844827,3.2743456,4.481859,-6.9274178,5.1509275,5.5729427,-3.9672897,-5.1430197,-3.4713655,5.18852,-5.1022387,139,219,-19
356,31843,WAB462-10-3-1,Mini_Core,130,2,3.382021934,82,07-19-2022,5.7601466,-1.4334912,-3.9807675,3.404969,3.9071054,-5.219207,5.623879,5.507962,-3.7213466,-5.0193534,-3.439902,5.360633,-4.9392843,139,221,-21
357,31844,WAB462-10-3-1,Mini_Core,130,3,3.121910521,82,07-19-2022,5.8145647,-1.421611,-4.0131316,3.4277344,3.9198368,-5.3066883,5.6679273,5.538373,-3.736092,-5.030757,-3.4580672,5.3803606,-4.9702954,139,221,-21
358,31847,EMBRAPA 1200,Mini_Core,130,3,5.46320002,91,07-19-2022,5.9053144,-1.5481111,-3.392529,3.2160106,3.9170647,-5.185003,4.4438457,5.0253277,-3.6612647,-4.8717804,-3.3547313,5.1326175,-4.6651173,139,230,-30
359,31854,M-202,Mini_Core,130,3,8.064887715,81,07-19-2022,6.9564505,-0.9819307,-3.9582458,3.3650265,4.3606777,-6.557366,5.5453525,5.6840944,-3.9581587,-5.158297,-3.4670892,5.3094816,-5.1503954,139,220,-20
360,31856,Jefferson,Mini_Core,130,4,9.10562015,80,07-19-2022,7.380969,-0.82751,-3.8287983,3.293198,4.475197,-6.9575214,5.227739,5.60723,-3.9459012,-5.157833,-3.5035157,5.2023487,-5.1109858,139,219,-19
361,31860,RT7521FP,Mini_Core,130,4,18.21066673,84,07-19-2022,6.579142,-0.96854216,-4.423479,3.5470333,4.174212,-6.343832,6.5103636,6.0097284,-3.8857691,-5.2270455,-3.561002,5.4913573,-5.302118,139,223,-23
362,31861,WAB462-10-3-1,Mini_Core,130,4,4.162356173,81,07-19-2022,5.318931,-1.510153,-4.2354155,3.488913,3.7484026,-4.870626,6.292389,5.650977,-3.6724358,-4.989658,-3.4079409,5.4477267,-4.980476,139,220,-20
363,31864,M-202,Mini_Core,130,4,7.544664889,81,07-19-2022,7.1765766,-0.9081462,-3.9755628,3.357888,4.4251313,-6.7774696,5.538336,5.715471,-3.97178,-5.1834145,-3.4952612,5.30023,-5.1773443,139,220,-20
364,31868,Santee Gold,Santee_Gold,75,1,9.096648744,93,07-19-2022,4.0364256,-2.210687,-4.056433,3.5102262,3.4281259,-3.2132902,5.9246764,5.3739204,-3.6042345,-4.9327826,-3.3575716,5.587995,-4.790266,140,233,-33
365,31870,RoyJ,Santee_Gold,75,1,13.73674259,94,07-19-2022,7.1953588,-0.9169783,-3.8420622,3.3031037,4.437537,-6.76439,5.256485,5.6051207,-3.9655142,-5.145543,-3.4689662,5.235591,-5.115639,140,234,-34
366,31871,Charleston Gold,Santee_Gold,75,1,6.171496878,88,07-19-2022,5.1141977,-1.675178,-4.3156643,3.5730486,3.7379477,-4.5494804,6.305941,5.71829,-3.7158742,-5.0712805,-3.4860463,5.5799685,-5.0468035,140,228,-28
367,31873,Charleston Gold,Santee_Gold,75,2,5.397191973,88,07-19-2022,5.2098484,-1.6280898,-4.319695,3.5748608,3.7373514,-4.668294,6.284097,5.7222447,-3.7079937,-5.08659,-3.5031543,5.577549,-5.0549326,140,228,-28
368,31874,Carolina Gold,Santee_Gold,75,2,3.851449957,91,07-19-2022,3.8988125,-2.3040907,-4.021479,3.4809675,3.4030678,-3.0650778,5.8345423,5.3067684,-3.648212,-4.916542,-3.2778802,5.6015058,-4.7742524,140,231,-31
369,31875,RoyJ,Santee_Gold,75,2,12.84485805,94,07-19-2022,7.107166,-0.97274023,-3.7726963,3.2902417,4.3985753,-6.6263437,5.1084065,5.5335364,-3.9399166,-5.1322227,-3.465115,5.221654,-5.064127,140,234,-34
370,31878,Carolina Gold,Santee_Gold,75,3,3.676514404,91,07-19-2022,3.826653,-2.3274603,-4.010767,3.440462,3.3878138,-3.01483,5.8362646,5.2691197,-3.651971,-4.885686,-3.2103403,5.5791626,-4.7429037,140,231,-31
371,31879,Santee Gold,Santee_Gold,75,3,10.2609739,94,07-19-2022,4.066799,-2.2087052,-4.0332003,3.4964447,3.4404707,-3.2383368,5.904734,5.355891,-3.6186562,-4.941448,-3.3327045,5.588816,-4.784515,140,234,-34
372,31881,RoyJ,Santee_Gold,150,1,14.05220014,98,07-19-2022,7.275241,-0.8440959,-3.965199,3.3462944,4.460013,-6.8957977,5.529826,5.7239375,-3.9732072,-5.1882873,-3.502331,5.276286,-5.182856,140,238,-38
373,31882,Santee Gold,Santee_Gold,150,1,9.297394461,96,07-19-2022,4.0016437,-2.2274022,-4.050896,3.5076532,3.3969371,-3.1643507,5.908763,5.3528814,-3.5856934,-4.9178567,-3.3393734,5.588262,-4.7747855,140,236,-36
374,31884,Charleston Gold,Santee_Gold,150,2,6.544310351,91,07-19-2022,4.756716,-1.862069,-4.32018,3.6124985,3.6352382,-4.078205,6.299124,5.688703,-3.6821547,-5.096055,-3.5129526,5.6590047,-5.0181174,140,231,-31
375,31885,Carolina Gold,Santee_Gold,150,2,3.447090728,92,07-19-2022,3.8073103,-2.301646,-3.9963648,3.431635,3.3707197,-2.9861827,5.8387594,5.2626014,-3.6120667,-4.859052,-3.211641,5.548046,-4.7180724,140,232,-32
376,31886,RoyJ,Santee_Gold,150,2,14.41641023,98,07-19-2022,7.3729234,-0.81484747,-3.9626427,3.3581629,4.467007,-6.977508,5.5064826,5.7298164,-3.9558284,-5.2103276,-3.5464916,5.275757,-5.183834,140,238,-38
377,31887,Santee Gold,Santee_Gold,150,2,9.360485971,96,07-19-2022,4.2787704,-2.139769,-4.1649632,3.5827982,3.504324,-3.449963,6.080963,5.511443,-3.6371846,-5.0468726,-3.4665449,5.6716046,-4.8895864,140,236,-36
378,31888,Charleston Gold,Santee_Gold,150,3,6.81388317,91,07-19-2022,5.1083007,-1.6717895,-4.3720403,3.609616,3.708784,-4.5193424,6.392297,5.7576714,-3.686085,-5.11979,-3.5443072,5.6224895,-5.0631127,140,231,-31
379,31890,Carolina Gold,Santee_Gold,150,3,2.733009538,93,07-19-2022,3.756862,-2.335325,-3.9619727,3.3995974,3.3702195,-2.9842799,5.774052,5.213611,-3.6501486,-4.813386,-3.1336732,5.523145,-4.697108,140,233,-33
380,31893,Charleston Gold,Santee_Gold,200,1,4.906798866,91,07-19-2022,4.6180477,-1.9016874,-4.225759,3.5562336,3.5948133,-3.9319146,6.2194757,5.59317,-3.6481116,-5.0280895,-3.4500937,5.596901,-4.9384675,140,231,-31
381,31894,Carolina Gold,Santee_Gold,200,1,4.109551592,92,07-19-2022,3.781767,-2.3354852,-3.9949794,3.4400277,3.3704906,-2.972839,5.825661,5.260271,-3.6347892,-4.8439527,-3.191997,5.5565805,-4.723558,140,232,-32
382,31895,RoyJ,Santee_Gold,200,1,12.78463433,99,07-19-2022,7.289932,-0.839266,-3.9839761,3.3635316,4.4502664,-6.9034605,5.571559,5.742622,-3.9633331,-5.205501,-3.5251522,5.29101,-5.1898465,140,239,-39
383,31896,Santee Gold,Santee_Gold,200,2,8.850018293,96,07-19-2022,4.096731,-2.178519,-4.0482454,3.5110595,3.4431221,-3.2576227,5.934642,5.3823185,-3.6023018,-4.947961,-3.3623197,5.5883603,-4.7974153,140,236,-36
384,31899,Charleston Gold,Santee_Gold,200,2,4.780615844,92,07-19-2022,4.5023565,-1.9754078,-4.1982074,3.5727055,3.547154,-3.7635117,6.1370525,5.5556984,-3.6271389,-5.019437,-3.4628394,5.6098905,-4.9152966,140,232,-32
385,31900,Carolina Gold,Santee_Gold,200,3,11.66332612,94,07-19-2022,3.8337934,-2.3076503,-4.0306554,3.4555233,3.3870418,-2.9975252,5.865243,5.29989,-3.6311717,-4.8886127,-3.2421281,5.581803,-4.7538433,140,234,-34
386,31901,RoyJ,Santee_Gold,200,3,5.663896996,100,07-19-2022,7.4090657,-0.79700404,-3.9469228,3.3448179,4.4618454,-7.010667,5.4885154,5.712477,-3.9340117,-5.2143407,-3.5540338,5.26412,-5.166397,140,240,-40
387,31903,Santee Gold,Santee_Gold,200,3,8.987672498,98,07-19-2022,4.049324,-2.211523,-4.0718946,3.5249422,3.4419878,-3.2289104,5.970971,5.39455,-3.62937,-4.9501467,-3.3415318,5.6136875,-4.812781,140,238,-38
388,31905,IAC600,Tiara,75,1,2.414705731,73,07-19-2022,5.9833417,-1.4379618,-3.803802,3.364382,3.979586,-5.38042,5.243668,5.3985257,-3.7383204,-5.0191894,-3.4567459,5.3151464,-4.89717,140,213,-13
389,31906,Scarlett,Tiara,75,1,10.02303626,87,07-19-2022,5.421344,-1.5017405,-4.3201423,3.5428376,3.8113248,-4.979877,6.3369284,5.751336,-3.7367833,-5.069361,-3.4803414,5.5250525,-5.078866,140,227,-27
390,31908,Tiara,Tiara,75,2,5.698361386,80,07-19-2022,4.120708,-2.1774461,-4.0179186,3.489381,3.4350474,-3.2878222,5.805183,5.336776,-3.586647,-4.926895,-3.37289,5.551744,-4.7671647,140,220,-20
391,31909,Sierra,Tiara,75,2,6.650478135,91,07-19-2022,7.092344,-0.97639966,-3.697288,3.2437243,4.3859086,-6.618159,4.9933133,5.457618,-3.9229221,-5.0823426,-3.4231956,5.1646805,-5.0139074,140,231,-31
392,31910,IAC600,Tiara,75,2,3.725300171,73,07-19-2022,5.3292894,-1.7151611,-3.7279377,3.3489819,3.7748022,-4.580211,5.1449,5.2405214,-3.6466136,-4.9416075,-3.404942,5.323418,-4.76095,140,213,-13
393,31911,Scarlett,Tiara,75,2,9.807949643,87,07-19-2022,5.330872,-1.5484762,-4.3061075,3.5460615,3.7680697,-4.846591,6.2746882,5.71568,-3.7136369,-5.064306,-3.4819193,5.5300565,-5.0521226,140,227,-27
394,31913,Tiara,Tiara,75,3,5.787263854,79,07-19-2022,4.0768275,-2.211792,-4.0349045,3.5134394,3.443581,-3.254496,5.884727,5.363635,-3.6187398,-4.9386363,-3.3604214,5.5888247,-4.792941,140,219,-19
395,31915,Sierra,Tiara,75,3,6.796737033,90,07-19-2022,5.6739025,-1.445461,-4.080499,3.45076,3.8502083,-5.179728,5.835966,5.571833,-3.7045074,-5.028659,-3.4612367,5.4050903,-4.97234,140,230,-30
396,31916,Scarlett,Tiara,150,1,10.5076981,90,07-19-2022,5.2943563,-1.5359815,-4.34373,3.5583844,3.752303,-4.829682,6.3800673,5.7407002,-3.692843,-5.044086,-3.4844024,5.5255723,-5.053845,140,230,-30
397,31917,IAC600,Tiara,150,1,2.701487884,74,07-19-2022,5.964728,-1.3700167,-4.004013,3.4299757,3.9733386,-5.4688864,5.675908,5.5661125,-3.7602189,-5.058201,-3.4734497,5.3839498,-4.999638,140,214,-14
398,31918,Tiara,Tiara,150,1,6.403845483,80,07-19-2022,4.124584,-2.185904,-4.0860233,3.5358906,3.446196,-3.3108819,5.9650865,5.4147396,-3.6040056,-4.9647026,-3.4053462,5.6093645,-4.815273,140,220,-20
399,31919,Sierra,Tiara,150,1,6.727909317,91,07-19-2022,7.3365445,-0.85357976,-3.8344765,3.2890232,4.470202,-6.9205146,5.235176,5.6073627,-3.954986,-5.1443505,-3.4827008,5.206033,-5.1109524,140,231,-31
400,31920,IAC600,Tiara,150,2,3.504477913,74,07-19-2022,5.626537,-1.4800326,-4.044948,3.444549,3.8492272,-5.086526,5.7602954,5.539154,-3.7057145,-5.0242352,-3.4515767,5.4026017,-4.954757,140,214,-14
401,31922,Tiara,Tiara,150,2,6.025293041,81,07-19-2022,4.065928,-2.2094662,-4.071281,3.5175655,3.4339767,-3.233579,5.945989,5.389167,-3.6115546,-4.9555306,-3.3694012,5.604655,-4.80283,140,221,-21
402,31926,Scarlett,Tiara,150,3,10.41305999,90,07-19-2022,4.760695,-1.819662,-4.2994785,3.5726163,3.6076748,-4.116,6.2976913,5.645061,-3.6452374,-5.0350933,-3.47502,5.59196,-4.9714336,140,230,-30
403,31927,Sierra,Tiara,150,3,3.283655655,93,07-19-2022,6.211431,-1.4750171,-3.211704,3.1063678,4.076842,-5.385442,3.8968027,4.9169426,-3.7100854,-4.933359,-3.382545,5.0578814,-4.6285005,140,233,-33
404,31928,IAC600,Tiara,200,1,2.480665626,74,07-19-2022,6.1865807,-1.3043399,-3.8668828,3.3588753,4.0293,-5.665231,5.383544,5.466302,-3.7549272,-5.0254583,-3.4465432,5.2929983,-4.9399943,140,214,-14
405,31929,Sierra,Tiara,200,1,6.573046954,92,07-19-2022,7.304296,-0.87586427,-3.804915,3.2814412,4.469663,-6.894224,5.1849713,5.5769024,-3.9656963,-5.12403,-3.4565654,5.1932974,-5.0981264,140,232,-32
406,31930,Scarlett,Tiara,200,1,11.12714755,90,07-19-2022,5.227975,-1.5576085,-4.403227,3.5689163,3.72805,-4.7458453,6.4763036,5.7737513,-3.6836834,-5.0706563,-3.5016522,5.5568557,-5.0622516,140,230,-30
407,31931,Tiara,Tiara,200,1,6.033896506,82,07-19-2022,4.068542,-2.1754553,-4.046093,3.5022187,3.4158354,-3.2521405,5.9337544,5.364939,-3.5700881,-4.9193945,-3.3682103,5.561886,-4.768881,140,222,-22
408,31932,Scarlett,Tiara,200,2,10.48475552,91,07-19-2022,5.1831,-1.5842532,-4.358206,3.5583594,3.7193024,-4.6699443,6.4123216,5.7346067,-3.6827378,-5.0671663,-3.487218,5.5524926,-5.0452886,140,231,-31
409,31933,Tiara,Tiara,200,2,5.695493565,82,07-19-2022,4.1155686,-2.1870809,-4.072616,3.5319774,3.4341369,-3.2852836,5.947964,5.400258,-3.5995705,-4.956857,-3.386095,5.604497,-4.807946,140,222,-22
410,31934,Sierra,Tiara,200,2,6.441127163,92,07-19-2022,7.240136,-0.8718242,-3.8659236,3.2926621,4.4215713,-6.8228574,5.326734,5.6150174,-3.9458783,-5.1487923,-3.4593017,5.222901,-5.1083865,140,232,-32
411,31937,IAC600,Tiara,200,3,3.667943741,74,07-19-2022,5.6632895,-1.3961531,-4.315835,3.5394404,3.8521318,-5.203932,6.2598896,5.7640195,-3.7255294,-5.1202,-3.528988,5.5120745,-5.091692,140,214,-14
